seq,test,journal,correlation,pvalue,lagtime,test2,pvalue2,absCorrelation
1,A_ImpFac_PubNum,eBioMedicine,-0.00235267,0.989891459,-4,A_ImpFac_PubNum_lag _4,-0.989891459,0.00235267
2,A_ImpFac_PubNum,eBioMedicine,0.236537782,0.202736099,-3,A_ImpFac_PubNum_lag _3,0.202736099,0.236537782
3,A_ImpFac_PubNum,eBioMedicine,-0.273614703,0.140626969,-2,A_ImpFac_PubNum_lag _2,-0.140626969,0.273614703
4,A_ImpFac_PubNum,eBioMedicine,-0.305823191,0.099576898,-1,A_ImpFac_PubNum_lag _1,-0.099576898,0.305823191
5,A_ImpFac_PubNum,Lancet Glob Health,-0.080073871,0.66631496,-4,A_ImpFac_PubNum_lag _4,-0.66631496,0.080073871
6,A_ImpFac_PubNum,Lancet Glob Health,0.241776579,0.192914087,-3,A_ImpFac_PubNum_lag _3,0.192914087,0.241776579
7,A_ImpFac_PubNum,Lancet Glob Health,-0.26973116,0.14634964,-2,A_ImpFac_PubNum_lag _2,-0.14634964,0.26973116
8,A_ImpFac_PubNum,Lancet Glob Health,0.122148132,0.51067448,-1,A_ImpFac_PubNum_lag _1,0.51067448,0.122148132
9,A_ImpFac_PubNum,BMJ Open,-0.123594742,0.505680837,-4,A_ImpFac_PubNum_lag _4,-0.505680837,0.123594742
10,A_ImpFac_PubNum,BMJ Open,0.283230043,0.127199132,-3,A_ImpFac_PubNum_lag _3,0.127199132,0.283230043
11,A_ImpFac_PubNum,BMJ Open,-0.072761253,0.695182839,-2,A_ImpFac_PubNum_lag _2,-0.695182839,0.072761253
12,A_ImpFac_PubNum,BMJ Open,0.167653139,0.366610933,-1,A_ImpFac_PubNum_lag _1,0.366610933,0.167653139
13,A_ImpFac_PubNum,Nat Commun,0.07250124,0.696217777,-4,A_ImpFac_PubNum_lag _4,0.696217777,0.07250124
14,A_ImpFac_PubNum,Nat Commun,0.003420631,0.985303268,-3,A_ImpFac_PubNum_lag _3,0.985303268,0.003420631
15,A_ImpFac_PubNum,Nat Commun,-0.074923075,0.686600215,-2,A_ImpFac_PubNum_lag _2,-0.686600215,0.074923075
16,A_ImpFac_PubNum,Nat Commun,0.211839316,0.253957477,-1,A_ImpFac_PubNum_lag _1,0.253957477,0.211839316
17,A_ImpFac_PubNum,Sci Adv,-0.260063489,0.161368207,-4,A_ImpFac_PubNum_lag _4,-0.161368207,0.260063489
18,A_ImpFac_PubNum,Sci Adv,-0.179813125,0.332882926,-3,A_ImpFac_PubNum_lag _3,-0.332882926,0.179813125
19,A_ImpFac_PubNum,Sci Adv,-0.48652738,0.0087922,-2,A_ImpFac_PubNum_lag _2,-0.0087922,0.48652738
20,A_ImpFac_PubNum,Sci Adv,0.06035394,0.745169028,-1,A_ImpFac_PubNum_lag _1,0.745169028,0.06035394
21,A_ImpFac_PubNum,JAMA Netw Open,NA,NA,-4,A_ImpFac_PubNum_lag _4,NA,NA
22,A_ImpFac_PubNum,JAMA Netw Open,NA,NA,-3,A_ImpFac_PubNum_lag _3,NA,NA
23,A_ImpFac_PubNum,JAMA Netw Open,-0.44391618,0.016822618,-2,A_ImpFac_PubNum_lag _2,-0.016822618,0.44391618
24,A_ImpFac_PubNum,JAMA Netw Open,-0.514210099,0.005621032,-1,A_ImpFac_PubNum_lag _1,-0.005621032,0.514210099
25,A_ImpFac_PubNum,Cell Rep,-0.090512103,0.625958886,-4,A_ImpFac_PubNum_lag _4,-0.625958886,0.090512103
26,A_ImpFac_PubNum,Cell Rep,0.026997964,0.884404154,-3,A_ImpFac_PubNum_lag _3,0.884404154,0.026997964
27,A_ImpFac_PubNum,Cell Rep,-0.217991467,0.240427081,-2,A_ImpFac_PubNum_lag _2,-0.240427081,0.217991467
28,A_ImpFac_PubNum,Cell Rep,0.032838949,0.85963159,-1,A_ImpFac_PubNum_lag _1,0.85963159,0.032838949
29,A_ImpFac_PubNum,Heliyon,NA,NA,-4,A_ImpFac_PubNum_lag _4,NA,NA
30,A_ImpFac_PubNum,Heliyon,NA,NA,-3,A_ImpFac_PubNum_lag _3,NA,NA
31,A_ImpFac_PubNum,Heliyon,NA,NA,-2,A_ImpFac_PubNum_lag _2,NA,NA
32,A_ImpFac_PubNum,Heliyon,NA,NA,-1,A_ImpFac_PubNum_lag _1,NA,NA
33,A_ImpFac_PubNum,Molecules,0.085816706,0.643983005,-4,A_ImpFac_PubNum_lag _4,0.643983005,0.085816706
34,A_ImpFac_PubNum,Molecules,0.099036105,0.593808108,-3,A_ImpFac_PubNum_lag _3,0.593808108,0.099036105
35,A_ImpFac_PubNum,Molecules,-0.623913268,0.000779775,-2,A_ImpFac_PubNum_lag _2,-0.000779775,0.623913268
36,A_ImpFac_PubNum,Molecules,0.414790881,0.025501683,-1,A_ImpFac_PubNum_lag _1,0.025501683,0.414790881
37,A_ImpFac_PubNum,BMC Bioinformatics,0.099894257,0.590613614,-4,A_ImpFac_PubNum_lag _4,0.590613614,0.099894257
38,A_ImpFac_PubNum,BMC Bioinformatics,-0.145743296,0.432540543,-3,A_ImpFac_PubNum_lag _3,-0.432540543,0.145743296
39,A_ImpFac_PubNum,BMC Bioinformatics,0.02371635,0.898373371,-2,A_ImpFac_PubNum_lag _2,0.898373371,0.02371635
40,A_ImpFac_PubNum,BMC Bioinformatics,-0.107042526,0.564316703,-1,A_ImpFac_PubNum_lag _1,-0.564316703,0.107042526
41,A_ImpFac_PubNum,Genome Biol,-0.088947143,0.631942167,-4,A_ImpFac_PubNum_lag _4,-0.631942167,0.088947143
42,A_ImpFac_PubNum,Genome Biol,0.058348215,0.753357937,-3,A_ImpFac_PubNum_lag _3,0.753357937,0.058348215
43,A_ImpFac_PubNum,Genome Biol,0.48828332,0.008551401,-2,A_ImpFac_PubNum_lag _2,0.008551401,0.48828332
44,A_ImpFac_PubNum,Genome Biol,0.145678763,0.432744351,-1,A_ImpFac_PubNum_lag _1,0.432744351,0.145678763
45,A_ImpFac_PubNum,PLoS One,0.133887436,0.47090588,-4,A_ImpFac_PubNum_lag _4,0.47090588,0.133887436
46,A_ImpFac_PubNum,PLoS One,0.125861475,0.49790816,-3,A_ImpFac_PubNum_lag _3,0.49790816,0.125861475
47,A_ImpFac_PubNum,PLoS One,0.051273293,0.782459639,-2,A_ImpFac_PubNum_lag _2,0.782459639,0.051273293
48,A_ImpFac_PubNum,PLoS One,-0.036945185,0.842297233,-1,A_ImpFac_PubNum_lag _1,-0.842297233,0.036945185
49,A_ImpFac_PubNum,PLoS Biol,-0.158350679,0.393801007,-4,A_ImpFac_PubNum_lag _4,-0.393801007,0.158350679
50,A_ImpFac_PubNum,PLoS Biol,-0.389246356,0.036068374,-3,A_ImpFac_PubNum_lag _3,-0.036068374,0.389246356
51,A_ImpFac_PubNum,PLoS Biol,0.128243631,0.489808721,-2,A_ImpFac_PubNum_lag _2,0.489808721,0.128243631
52,A_ImpFac_PubNum,PLoS Biol,0.205743286,0.267878441,-1,A_ImpFac_PubNum_lag _1,0.267878441,0.205743286
53,A_ImpFac_PubNum,PLoS Med,0.028837641,0.876588403,-4,A_ImpFac_PubNum_lag _4,0.876588403,0.028837641
54,A_ImpFac_PubNum,PLoS Med,-0.092774168,0.617353811,-3,A_ImpFac_PubNum_lag _3,-0.617353811,0.092774168
55,A_ImpFac_PubNum,PLoS Med,-0.1879054,0.311585129,-2,A_ImpFac_PubNum_lag _2,-0.311585129,0.1879054
56,A_ImpFac_PubNum,PLoS Med,-0.127521945,0.492254974,-1,A_ImpFac_PubNum_lag _1,-0.492254974,0.127521945
57,A_ImpFac_PubNum,Front Neurosci,0.127595136,0.492006584,-4,A_ImpFac_PubNum_lag _4,0.492006584,0.127595136
58,A_ImpFac_PubNum,Front Neurosci,-0.136688052,0.461677335,-3,A_ImpFac_PubNum_lag _3,-0.461677335,0.136688052
59,A_ImpFac_PubNum,Front Neurosci,-0.568206368,0.00221422,-2,A_ImpFac_PubNum_lag _2,-0.00221422,0.568206368
60,A_ImpFac_PubNum,Front Neurosci,-0.133684696,0.471577874,-1,A_ImpFac_PubNum_lag _1,-0.471577874,0.133684696
61,A_ImpFac_PubNum,Sci Rep,-0.285955719,0.123580178,-4,A_ImpFac_PubNum_lag _4,-0.123580178,0.285955719
62,A_ImpFac_PubNum,Sci Rep,-0.004837716,0.979215946,-3,A_ImpFac_PubNum_lag _3,-0.979215946,0.004837716
63,A_ImpFac_PubNum,Sci Rep,0.337987936,0.06874062,-2,A_ImpFac_PubNum_lag _2,0.06874062,0.337987936
64,A_ImpFac_PubNum,Sci Rep,0.618826005,0.000860757,-1,A_ImpFac_PubNum_lag _1,0.000860757,0.618826005
65,A_ImpFac_PubNum,Front Psychiatry,-0.094598489,0.610451936,-4,A_ImpFac_PubNum_lag _4,-0.610451936,0.094598489
66,A_ImpFac_PubNum,Front Psychiatry,0.001730115,0.992566255,-3,A_ImpFac_PubNum_lag _3,0.992566255,0.001730115
67,A_ImpFac_PubNum,Front Psychiatry,-0.52129552,0.004996454,-2,A_ImpFac_PubNum_lag _2,-0.004996454,0.52129552
68,A_ImpFac_PubNum,Front Psychiatry,-0.455726914,0.014121235,-1,A_ImpFac_PubNum_lag _1,-0.014121235,0.455726914
69,A_ImpFac_PubNum,Int J Mol Sci,-0.556971696,0.002705258,-4,A_ImpFac_PubNum_lag _4,-0.002705258,0.556971696
70,A_ImpFac_PubNum,Int J Mol Sci,0.065389113,0.724739909,-3,A_ImpFac_PubNum_lag _3,0.724739909,0.065389113
71,A_ImpFac_PubNum,Int J Mol Sci,0.049541446,0.789631738,-2,A_ImpFac_PubNum_lag _2,0.789631738,0.049541446
72,A_ImpFac_PubNum,Int J Mol Sci,0.285503803,0.124174578,-1,A_ImpFac_PubNum_lag _1,0.124174578,0.285503803
73,B_PubNum_ImpFac,eBioMedicine,0.0107424,0.953868433,-4,B_PubNum_ImpFac_lag _4,0.953868433,0.0107424
74,B_PubNum_ImpFac,eBioMedicine,0.51791371,0.005286279,-3,B_PubNum_ImpFac_lag _3,0.005286279,0.51791371
75,B_PubNum_ImpFac,eBioMedicine,-0.162292406,0.382133855,-2,B_PubNum_ImpFac_lag _2,-0.382133855,0.162292406
76,B_PubNum_ImpFac,eBioMedicine,-0.327219716,0.078046981,-1,B_PubNum_ImpFac_lag _1,-0.078046981,0.327219716
77,B_PubNum_ImpFac,Lancet Glob Health,0.147198927,0.427958177,-4,B_PubNum_ImpFac_lag _4,0.427958177,0.147198927
78,B_PubNum_ImpFac,Lancet Glob Health,0.117933126,0.525370163,-3,B_PubNum_ImpFac_lag _3,0.525370163,0.117933126
79,B_PubNum_ImpFac,Lancet Glob Health,0.021040195,0.909788819,-2,B_PubNum_ImpFac_lag _2,0.909788819,0.021040195
80,B_PubNum_ImpFac,Lancet Glob Health,0.337840955,0.068861218,-1,B_PubNum_ImpFac_lag _1,0.068861218,0.337840955
81,B_PubNum_ImpFac,BMJ Open,0.038236242,0.836862415,-4,B_PubNum_ImpFac_lag _4,0.836862415,0.038236242
82,B_PubNum_ImpFac,BMJ Open,0.170609164,0.358221922,-3,B_PubNum_ImpFac_lag _3,0.358221922,0.170609164
83,B_PubNum_ImpFac,BMJ Open,-0.077108405,0.677965143,-2,B_PubNum_ImpFac_lag _2,-0.677965143,0.077108405
84,B_PubNum_ImpFac,BMJ Open,0.414676258,0.025542351,-1,B_PubNum_ImpFac_lag _1,0.025542351,0.414676258
85,B_PubNum_ImpFac,Nat Commun,0.08197401,0.658891917,-4,B_PubNum_ImpFac_lag _4,0.658891917,0.08197401
86,B_PubNum_ImpFac,Nat Commun,-0.018483301,0.920713007,-3,B_PubNum_ImpFac_lag _3,-0.920713007,0.018483301
87,B_PubNum_ImpFac,Nat Commun,-0.019712,0.915461463,-2,B_PubNum_ImpFac_lag _2,-0.915461463,0.019712
88,B_PubNum_ImpFac,Nat Commun,0.280235325,0.131269803,-1,B_PubNum_ImpFac_lag _1,0.131269803,0.280235325
89,B_PubNum_ImpFac,Sci Adv,-0.298836464,0.107554342,-4,B_PubNum_ImpFac_lag _4,-0.107554342,0.298836464
90,B_PubNum_ImpFac,Sci Adv,0.111206786,0.549261665,-3,B_PubNum_ImpFac_lag _3,0.549261665,0.111206786
91,B_PubNum_ImpFac,Sci Adv,0.58397982,0.001661847,-2,B_PubNum_ImpFac_lag _2,0.001661847,0.58397982
92,B_PubNum_ImpFac,Sci Adv,0.431443693,0.020157921,-1,B_PubNum_ImpFac_lag _1,0.020157921,0.431443693
93,B_PubNum_ImpFac,JAMA Netw Open,-0.407373713,0.028251619,-4,B_PubNum_ImpFac_lag _4,-0.028251619,0.407373713
94,B_PubNum_ImpFac,JAMA Netw Open,-0.216968915,0.242640067,-3,B_PubNum_ImpFac_lag _3,-0.242640067,0.216968915
95,B_PubNum_ImpFac,JAMA Netw Open,0.343209397,0.064567752,-2,B_PubNum_ImpFac_lag _2,0.064567752,0.343209397
96,B_PubNum_ImpFac,JAMA Netw Open,0.752757327,5.04E-05,-1,B_PubNum_ImpFac_lag _1,5.04091E-05,0.752757327
97,B_PubNum_ImpFac,Cell Rep,0.172836133,0.35198235,-4,B_PubNum_ImpFac_lag _4,0.35198235,0.172836133
98,B_PubNum_ImpFac,Cell Rep,-0.047899166,0.79644943,-3,B_PubNum_ImpFac_lag _3,-0.79644943,0.047899166
99,B_PubNum_ImpFac,Cell Rep,0.272519831,0.142222637,-2,B_PubNum_ImpFac_lag _2,0.142222637,0.272519831
100,B_PubNum_ImpFac,Cell Rep,0.164009257,0.377119104,-1,B_PubNum_ImpFac_lag _1,0.377119104,0.164009257
101,B_PubNum_ImpFac,Heliyon,0.368437821,0.047244873,-4,B_PubNum_ImpFac_lag _4,0.047244873,0.368437821
102,B_PubNum_ImpFac,Heliyon,0.162969575,0.380151048,-3,B_PubNum_ImpFac_lag _3,0.380151048,0.162969575
103,B_PubNum_ImpFac,Heliyon,-0.20713242,0.264660967,-2,B_PubNum_ImpFac_lag _2,-0.264660967,0.20713242
104,B_PubNum_ImpFac,Heliyon,-0.587198047,0.001566044,-1,B_PubNum_ImpFac_lag _1,-0.001566044,0.587198047
105,B_PubNum_ImpFac,Molecules,-0.18763869,0.31227243,-4,B_PubNum_ImpFac_lag _4,-0.31227243,0.18763869
106,B_PubNum_ImpFac,Molecules,0.081800973,0.659566524,-3,B_PubNum_ImpFac_lag _3,0.659566524,0.081800973
107,B_PubNum_ImpFac,Molecules,0.040076301,0.829130019,-2,B_PubNum_ImpFac_lag _2,0.829130019,0.040076301
108,B_PubNum_ImpFac,Molecules,0.311913685,0.093014415,-1,B_PubNum_ImpFac_lag _1,0.093014415,0.311913685
109,B_PubNum_ImpFac,BMC Bioinformatics,-0.22207232,0.231737131,-4,B_PubNum_ImpFac_lag _4,-0.231737131,0.22207232
110,B_PubNum_ImpFac,BMC Bioinformatics,-0.193513987,0.297363133,-3,B_PubNum_ImpFac_lag _3,-0.297363133,0.193513987
111,B_PubNum_ImpFac,BMC Bioinformatics,-0.275826836,0.137445052,-2,B_PubNum_ImpFac_lag _2,-0.137445052,0.275826836
112,B_PubNum_ImpFac,BMC Bioinformatics,-0.107631136,0.562176701,-1,B_PubNum_ImpFac_lag _1,-0.562176701,0.107631136
113,B_PubNum_ImpFac,Genome Biol,-0.178149316,0.337375694,-4,B_PubNum_ImpFac_lag _4,-0.337375694,0.178149316
114,B_PubNum_ImpFac,Genome Biol,-0.05631578,0.761684293,-3,B_PubNum_ImpFac_lag _3,-0.761684293,0.05631578
115,B_PubNum_ImpFac,Genome Biol,-0.032468126,0.861200478,-2,B_PubNum_ImpFac_lag _2,-0.861200478,0.032468126
116,B_PubNum_ImpFac,Genome Biol,-0.032754927,0.859987025,-1,B_PubNum_ImpFac_lag _1,-0.859987025,0.032754927
117,B_PubNum_ImpFac,PLoS One,-0.367047935,0.048085321,-4,B_PubNum_ImpFac_lag _4,-0.048085321,0.367047935
118,B_PubNum_ImpFac,PLoS One,-0.241310164,0.193774107,-3,B_PubNum_ImpFac_lag _3,-0.193774107,0.241310164
119,B_PubNum_ImpFac,PLoS One,-0.197837882,0.286699661,-2,B_PubNum_ImpFac_lag _2,-0.286699661,0.197837882
120,B_PubNum_ImpFac,PLoS One,-0.055441336,0.765275232,-1,B_PubNum_ImpFac_lag _1,-0.765275232,0.055441336
121,B_PubNum_ImpFac,PLoS Biol,0.427878743,0.021211557,-4,B_PubNum_ImpFac_lag _4,0.021211557,0.427878743
122,B_PubNum_ImpFac,PLoS Biol,0.264474635,0.154377155,-3,B_PubNum_ImpFac_lag _3,0.154377155,0.264474635
123,B_PubNum_ImpFac,PLoS Biol,-0.359762306,0.052698994,-2,B_PubNum_ImpFac_lag _2,-0.052698994,0.359762306
124,B_PubNum_ImpFac,PLoS Biol,-0.310753426,0.094237087,-1,B_PubNum_ImpFac_lag _1,-0.094237087,0.310753426
125,B_PubNum_ImpFac,PLoS Med,-0.105836069,0.568715224,-4,B_PubNum_ImpFac_lag _4,-0.568715224,0.105836069
126,B_PubNum_ImpFac,PLoS Med,-0.066914067,0.718590439,-3,B_PubNum_ImpFac_lag _3,-0.718590439,0.066914067
127,B_PubNum_ImpFac,PLoS Med,0.127394877,0.492686365,-2,B_PubNum_ImpFac_lag _2,0.492686365,0.127394877
128,B_PubNum_ImpFac,PLoS Med,0.166866887,0.368862728,-1,B_PubNum_ImpFac_lag _1,0.368862728,0.166866887
129,B_PubNum_ImpFac,Front Neurosci,0.173988019,0.348782139,-4,B_PubNum_ImpFac_lag _4,0.348782139,0.173988019
130,B_PubNum_ImpFac,Front Neurosci,0.213031142,0.251295746,-3,B_PubNum_ImpFac_lag _3,0.251295746,0.213031142
131,B_PubNum_ImpFac,Front Neurosci,-0.046059389,0.804105467,-2,B_PubNum_ImpFac_lag _2,-0.804105467,0.046059389
132,B_PubNum_ImpFac,Front Neurosci,0.186966456,0.31400918,-1,B_PubNum_ImpFac_lag _1,0.31400918,0.186966456
133,B_PubNum_ImpFac,Sci Rep,-0.24492736,0.187177738,-4,B_PubNum_ImpFac_lag _4,-0.187177738,0.24492736
134,B_PubNum_ImpFac,Sci Rep,-0.157382765,0.396698587,-3,B_PubNum_ImpFac_lag _3,-0.396698587,0.157382765
135,B_PubNum_ImpFac,Sci Rep,-0.048160879,0.795361911,-2,B_PubNum_ImpFac_lag _2,-0.795361911,0.048160879
136,B_PubNum_ImpFac,Sci Rep,0.391438006,0.035034608,-1,B_PubNum_ImpFac_lag _1,0.035034608,0.391438006
137,B_PubNum_ImpFac,Front Psychiatry,0.197296638,0.288020141,-4,B_PubNum_ImpFac_lag _4,0.288020141,0.197296638
138,B_PubNum_ImpFac,Front Psychiatry,0.259479442,0.162311485,-3,B_PubNum_ImpFac_lag _3,0.162311485,0.259479442
139,B_PubNum_ImpFac,Front Psychiatry,0.114528482,0.537396503,-2,B_PubNum_ImpFac_lag _2,0.537396503,0.114528482
140,B_PubNum_ImpFac,Front Psychiatry,0.699223331,0.000166261,-1,B_PubNum_ImpFac_lag _1,0.000166261,0.699223331
141,B_PubNum_ImpFac,Int J Mol Sci,-0.134017414,0.470475338,-4,B_PubNum_ImpFac_lag _4,-0.470475338,0.134017414
142,B_PubNum_ImpFac,Int J Mol Sci,0.099796084,0.590978663,-3,B_PubNum_ImpFac_lag _3,0.590978663,0.099796084
143,B_PubNum_ImpFac,Int J Mol Sci,0.045985893,0.804411713,-2,B_PubNum_ImpFac_lag _2,0.804411713,0.045985893
144,B_PubNum_ImpFac,Int J Mol Sci,0.007232652,0.968931033,-1,B_PubNum_ImpFac_lag _1,0.968931033,0.007232652
145,C_ImpFac_Price,eBioMedicine,0.102568359,0.580710279,-4,C_ImpFac_Price_lag _4,0.580710279,0.102568359
146,C_ImpFac_Price,eBioMedicine,-0.633890049,0.000641101,-3,C_ImpFac_Price_lag _3,-0.000641101,0.633890049
147,C_ImpFac_Price,eBioMedicine,0.615327132,0.000920906,-2,C_ImpFac_Price_lag _2,0.000920906,0.615327132
148,C_ImpFac_Price,eBioMedicine,0.567519707,0.002241713,-1,C_ImpFac_Price_lag _1,0.002241713,0.567519707
149,C_ImpFac_Price,Lancet Glob Health,-0.374623576,0.043652776,-4,C_ImpFac_Price_lag _4,-0.043652776,0.374623576
150,C_ImpFac_Price,Lancet Glob Health,0.35930909,0.052997823,-3,C_ImpFac_Price_lag _3,0.052997823,0.35930909
151,C_ImpFac_Price,Lancet Glob Health,0.097938977,0.59790367,-2,C_ImpFac_Price_lag _2,0.59790367,0.097938977
152,C_ImpFac_Price,Lancet Glob Health,0.280330688,0.131138639,-1,C_ImpFac_Price_lag _1,0.131138639,0.280330688
153,C_ImpFac_Price,BMJ Open,-0.049466645,0.789941919,-4,C_ImpFac_Price_lag _4,-0.789941919,0.049466645
154,C_ImpFac_Price,BMJ Open,-0.12430699,0.503231662,-3,C_ImpFac_Price_lag _3,-0.503231662,0.12430699
155,C_ImpFac_Price,BMJ Open,-0.252130949,0.17453772,-2,C_ImpFac_Price_lag _2,-0.17453772,0.252130949
156,C_ImpFac_Price,BMJ Open,-0.275336108,0.138146075,-1,C_ImpFac_Price_lag _1,-0.138146075,0.275336108
157,C_ImpFac_Price,Nat Commun,-0.372755977,0.044712157,-4,C_ImpFac_Price_lag _4,-0.044712157,0.372755977
158,C_ImpFac_Price,Nat Commun,-0.038555341,0.835520324,-3,C_ImpFac_Price_lag _3,-0.835520324,0.038555341
159,C_ImpFac_Price,Nat Commun,0.141327863,0.446612968,-2,C_ImpFac_Price_lag _2,0.446612968,0.141327863
160,C_ImpFac_Price,Nat Commun,0.212634175,0.25218013,-1,C_ImpFac_Price_lag _1,0.25218013,0.212634175
161,C_ImpFac_Price,Sci Adv,-0.137257208,0.459814289,-4,C_ImpFac_Price_lag _4,-0.459814289,0.137257208
162,C_ImpFac_Price,Sci Adv,-0.113926718,0.53953643,-3,C_ImpFac_Price_lag _3,-0.53953643,0.113926718
163,C_ImpFac_Price,Sci Adv,-0.246280295,0.184753599,-2,C_ImpFac_Price_lag _2,-0.184753599,0.246280295
164,C_ImpFac_Price,Sci Adv,-0.50180215,0.006886423,-1,C_ImpFac_Price_lag _1,-0.006886423,0.50180215
165,C_ImpFac_Price,JAMA Netw Open,NA,NA,-4,C_ImpFac_Price_lag _4,NA,NA
166,C_ImpFac_Price,JAMA Netw Open,NA,NA,-3,C_ImpFac_Price_lag _3,NA,NA
167,C_ImpFac_Price,JAMA Netw Open,NA,NA,-2,C_ImpFac_Price_lag _2,NA,NA
168,C_ImpFac_Price,JAMA Netw Open,NA,NA,-1,C_ImpFac_Price_lag _1,NA,NA
169,C_ImpFac_Price,Cell Rep,0.209155321,0.260023378,-4,C_ImpFac_Price_lag _4,0.260023378,0.209155321
170,C_ImpFac_Price,Cell Rep,-0.16260346,0.381222276,-3,C_ImpFac_Price_lag _3,-0.381222276,0.16260346
171,C_ImpFac_Price,Cell Rep,0.41488661,0.025467761,-2,C_ImpFac_Price_lag _2,0.025467761,0.41488661
172,C_ImpFac_Price,Cell Rep,0.007356354,0.968399928,-1,C_ImpFac_Price_lag _1,0.968399928,0.007356354
173,C_ImpFac_Price,Heliyon,NA,NA,-4,C_ImpFac_Price_lag _4,NA,NA
174,C_ImpFac_Price,Heliyon,NA,NA,-3,C_ImpFac_Price_lag _3,NA,NA
175,C_ImpFac_Price,Heliyon,NA,NA,-2,C_ImpFac_Price_lag _2,NA,NA
176,C_ImpFac_Price,Heliyon,-0.555839105,0.002759917,-1,C_ImpFac_Price_lag _1,-0.002759917,0.555839105
177,C_ImpFac_Price,Molecules,-0.153455004,0.408588288,-4,C_ImpFac_Price_lag _4,-0.408588288,0.153455004
178,C_ImpFac_Price,Molecules,0.121271145,0.513714308,-3,C_ImpFac_Price_lag _3,0.513714308,0.121271145
179,C_ImpFac_Price,Molecules,0.250124533,0.177992525,-2,C_ImpFac_Price_lag _2,0.177992525,0.250124533
180,C_ImpFac_Price,Molecules,0.022527576,0.90344177,-1,C_ImpFac_Price_lag _1,0.90344177,0.022527576
181,C_ImpFac_Price,BMC Bioinformatics,0.022635962,0.902979492,-4,C_ImpFac_Price_lag _4,0.902979492,0.022635962
182,C_ImpFac_Price,BMC Bioinformatics,-0.167599264,0.366764954,-3,C_ImpFac_Price_lag _3,-0.366764954,0.167599264
183,C_ImpFac_Price,BMC Bioinformatics,0.222984157,0.229826294,-2,C_ImpFac_Price_lag _2,0.229826294,0.222984157
184,C_ImpFac_Price,BMC Bioinformatics,0.085392297,0.645622749,-1,C_ImpFac_Price_lag _1,0.645622749,0.085392297
185,C_ImpFac_Price,Genome Biol,-0.016322176,0.929958059,-4,C_ImpFac_Price_lag _4,-0.929958059,0.016322176
186,C_ImpFac_Price,Genome Biol,0.125923664,0.49769581,-3,C_ImpFac_Price_lag _3,0.49769581,0.125923664
187,C_ImpFac_Price,Genome Biol,0.015440141,0.933734094,-2,C_ImpFac_Price_lag _2,0.933734094,0.015440141
188,C_ImpFac_Price,Genome Biol,-0.285586082,0.124066191,-1,C_ImpFac_Price_lag _1,-0.124066191,0.285586082
189,C_ImpFac_Price,PLoS One,0.021866789,0.906260786,-4,C_ImpFac_Price_lag _4,0.906260786,0.021866789
190,C_ImpFac_Price,PLoS One,-0.000497222,0.997863569,-3,C_ImpFac_Price_lag _3,-0.997863569,0.000497222
191,C_ImpFac_Price,PLoS One,0.045890199,0.804810491,-2,C_ImpFac_Price_lag _2,0.804810491,0.045890199
192,C_ImpFac_Price,PLoS One,-0.003519471,0.984878655,-1,C_ImpFac_Price_lag _1,-0.984878655,0.003519471
193,C_ImpFac_Price,PLoS Biol,-0.067859199,0.714788233,-4,C_ImpFac_Price_lag _4,-0.714788233,0.067859199
194,C_ImpFac_Price,PLoS Biol,-0.139761933,0.451665647,-3,C_ImpFac_Price_lag _3,-0.451665647,0.139761933
195,C_ImpFac_Price,PLoS Biol,0.032980153,0.859034327,-2,C_ImpFac_Price_lag _2,0.859034327,0.032980153
196,C_ImpFac_Price,PLoS Biol,0.487691764,0.008631857,-1,C_ImpFac_Price_lag _1,0.008631857,0.487691764
197,C_ImpFac_Price,PLoS Med,-0.10035649,0.588896222,-4,C_ImpFac_Price_lag _4,-0.588896222,0.10035649
198,C_ImpFac_Price,PLoS Med,-0.075938069,0.682584414,-3,C_ImpFac_Price_lag _3,-0.682584414,0.075938069
199,C_ImpFac_Price,PLoS Med,0.010774688,0.953729932,-2,C_ImpFac_Price_lag _2,0.953729932,0.010774688
200,C_ImpFac_Price,PLoS Med,0.185474061,0.317887522,-1,C_ImpFac_Price_lag _1,0.317887522,0.185474061
201,C_ImpFac_Price,Front Neurosci,0.045895287,0.804789288,-4,C_ImpFac_Price_lag _4,0.804789288,0.045895287
202,C_ImpFac_Price,Front Neurosci,-0.090858711,0.624637013,-3,C_ImpFac_Price_lag _3,-0.624637013,0.090858711
203,C_ImpFac_Price,Front Neurosci,-0.169681911,0.360840312,-2,C_ImpFac_Price_lag _2,-0.360840312,0.169681911
204,C_ImpFac_Price,Front Neurosci,0.139156531,0.453627687,-1,C_ImpFac_Price_lag _1,0.453627687,0.139156531
205,C_ImpFac_Price,Sci Rep,-0.352480987,0.057673927,-4,C_ImpFac_Price_lag _4,-0.057673927,0.352480987
206,C_ImpFac_Price,Sci Rep,0.301641352,0.104292943,-3,C_ImpFac_Price_lag _3,0.104292943,0.301641352
207,C_ImpFac_Price,Sci Rep,-0.18232683,0.326168811,-2,C_ImpFac_Price_lag _2,-0.326168811,0.18232683
208,C_ImpFac_Price,Sci Rep,0.351211018,0.058580412,-1,C_ImpFac_Price_lag _1,0.058580412,0.351211018
209,C_ImpFac_Price,Front Psychiatry,0.09976953,0.591077421,-4,C_ImpFac_Price_lag _4,0.591077421,0.09976953
210,C_ImpFac_Price,Front Psychiatry,-0.063212294,0.733548825,-3,C_ImpFac_Price_lag _3,-0.733548825,0.063212294
211,C_ImpFac_Price,Front Psychiatry,-0.107065907,0.564231622,-2,C_ImpFac_Price_lag _2,-0.564231622,0.107065907
212,C_ImpFac_Price,Front Psychiatry,0.131025743,0.480439898,-1,C_ImpFac_Price_lag _1,0.480439898,0.131025743
213,C_ImpFac_Price,Int J Mol Sci,-0.447330114,0.015998648,-4,C_ImpFac_Price_lag _4,-0.015998648,0.447330114
214,C_ImpFac_Price,Int J Mol Sci,0.10656258,0.566064537,-3,C_ImpFac_Price_lag _3,0.566064537,0.10656258
215,C_ImpFac_Price,Int J Mol Sci,0.306863082,0.09843098,-2,C_ImpFac_Price_lag _2,0.09843098,0.306863082
216,C_ImpFac_Price,Int J Mol Sci,0.161013182,0.385896796,-1,C_ImpFac_Price_lag _1,0.385896796,0.161013182
217,D_Price_ImpFac,eBioMedicine,0.041855663,0.821668387,-4,D_Price_ImpFac_lag _4,0.821668387,0.041855663
218,D_Price_ImpFac,eBioMedicine,0.199562695,0.282518917,-3,D_Price_ImpFac_lag _3,0.282518917,0.199562695
219,D_Price_ImpFac,eBioMedicine,0.056609338,0.760479929,-2,D_Price_ImpFac_lag _2,0.760479929,0.056609338
220,D_Price_ImpFac,eBioMedicine,-0.615353426,0.00092044,-1,D_Price_ImpFac_lag _1,-0.00092044,0.615353426
221,D_Price_ImpFac,Lancet Glob Health,-0.022067035,0.905406378,-4,D_Price_ImpFac_lag _4,-0.905406378,0.022067035
222,D_Price_ImpFac,Lancet Glob Health,0.152815238,0.410544821,-3,D_Price_ImpFac_lag _3,0.410544821,0.152815238
223,D_Price_ImpFac,Lancet Glob Health,0.052208379,0.778594798,-2,D_Price_ImpFac_lag _2,0.778594798,0.052208379
224,D_Price_ImpFac,Lancet Glob Health,-0.631017048,0.00067848,-1,D_Price_ImpFac_lag _1,-0.00067848,0.631017048
225,D_Price_ImpFac,BMJ Open,-0.049047203,0.791681849,-4,D_Price_ImpFac_lag _4,-0.791681849,0.049047203
226,D_Price_ImpFac,BMJ Open,-0.177780358,0.338377242,-3,D_Price_ImpFac_lag _3,-0.338377242,0.177780358
227,D_Price_ImpFac,BMJ Open,-0.269368368,0.14689321,-2,D_Price_ImpFac_lag _2,-0.14689321,0.269368368
228,D_Price_ImpFac,BMJ Open,-0.06532341,0.725005263,-1,D_Price_ImpFac_lag _1,-0.725005263,0.06532341
229,D_Price_ImpFac,Nat Commun,-0.043661442,0.814112446,-4,D_Price_ImpFac_lag _4,-0.814112446,0.043661442
230,D_Price_ImpFac,Nat Commun,-0.094836902,0.609552494,-3,D_Price_ImpFac_lag _3,-0.609552494,0.094836902
231,D_Price_ImpFac,Nat Commun,-0.296301003,0.110571486,-2,D_Price_ImpFac_lag _2,-0.110571486,0.296301003
232,D_Price_ImpFac,Nat Commun,-0.231482728,0.212554238,-1,D_Price_ImpFac_lag _1,-0.212554238,0.231482728
233,D_Price_ImpFac,Sci Adv,0.096094055,0.604819506,-4,D_Price_ImpFac_lag _4,0.604819506,0.096094055
234,D_Price_ImpFac,Sci Adv,0.589155868,0.001510277,-3,D_Price_ImpFac_lag _3,0.001510277,0.589155868
235,D_Price_ImpFac,Sci Adv,0.245160777,0.186757841,-2,D_Price_ImpFac_lag _2,0.186757841,0.245160777
236,D_Price_ImpFac,Sci Adv,0.42715446,0.02143139,-1,D_Price_ImpFac_lag _1,0.02143139,0.42715446
237,D_Price_ImpFac,JAMA Netw Open,NA,NA,-4,D_Price_ImpFac_lag _4,NA,NA
238,D_Price_ImpFac,JAMA Netw Open,NA,NA,-3,D_Price_ImpFac_lag _3,NA,NA
239,D_Price_ImpFac,JAMA Netw Open,NA,NA,-2,D_Price_ImpFac_lag _2,NA,NA
240,D_Price_ImpFac,JAMA Netw Open,NA,NA,-1,D_Price_ImpFac_lag _1,NA,NA
241,D_Price_ImpFac,Cell Rep,-0.231574822,0.212372351,-4,D_Price_ImpFac_lag _4,-0.212372351,0.231574822
242,D_Price_ImpFac,Cell Rep,0.163021896,0.379998111,-3,D_Price_ImpFac_lag _3,0.379998111,0.163021896
243,D_Price_ImpFac,Cell Rep,0.290969694,0.117133449,-2,D_Price_ImpFac_lag _2,0.117133449,0.290969694
244,D_Price_ImpFac,Cell Rep,-0.370983644,0.045737473,-1,D_Price_ImpFac_lag _1,-0.045737473,0.370983644
245,D_Price_ImpFac,Heliyon,-0.286966265,0.122259057,-4,D_Price_ImpFac_lag _4,-0.122259057,0.286966265
246,D_Price_ImpFac,Heliyon,0.509301907,0.006094102,-3,D_Price_ImpFac_lag _3,0.006094102,0.509301907
247,D_Price_ImpFac,Heliyon,-0.446911628,0.016097706,-2,D_Price_ImpFac_lag _2,-0.016097706,0.446911628
248,D_Price_ImpFac,Heliyon,0.187803837,0.311846736,-1,D_Price_ImpFac_lag _1,0.311846736,0.187803837
249,D_Price_ImpFac,Molecules,0.088284696,0.6344822,-4,D_Price_ImpFac_lag _4,0.6344822,0.088284696
250,D_Price_ImpFac,Molecules,-0.138166808,0.456845601,-3,D_Price_ImpFac_lag _3,-0.456845601,0.138166808
251,D_Price_ImpFac,Molecules,-0.038351617,0.836377106,-2,D_Price_ImpFac_lag _2,-0.836377106,0.038351617
252,D_Price_ImpFac,Molecules,-0.118653997,0.522841585,-1,D_Price_ImpFac_lag _1,-0.522841585,0.118653997
253,D_Price_ImpFac,BMC Bioinformatics,-0.124365617,0.503030342,-4,D_Price_ImpFac_lag _4,-0.503030342,0.124365617
254,D_Price_ImpFac,BMC Bioinformatics,0.155195496,0.403293691,-3,D_Price_ImpFac_lag _3,0.403293691,0.155195496
255,D_Price_ImpFac,BMC Bioinformatics,-0.380264771,0.040580731,-2,D_Price_ImpFac_lag _2,-0.040580731,0.380264771
256,D_Price_ImpFac,BMC Bioinformatics,-0.447656445,0.015921776,-1,D_Price_ImpFac_lag _1,-0.015921776,0.447656445
257,D_Price_ImpFac,Genome Biol,0.088145714,0.635015648,-4,D_Price_ImpFac_lag _4,0.635015648,0.088145714
258,D_Price_ImpFac,Genome Biol,-0.138378195,0.456157237,-3,D_Price_ImpFac_lag _3,-0.456157237,0.138378195
259,D_Price_ImpFac,Genome Biol,-0.187109122,0.313640064,-2,D_Price_ImpFac_lag _2,-0.313640064,0.187109122
260,D_Price_ImpFac,Genome Biol,-0.17943395,0.333903395,-1,D_Price_ImpFac_lag _1,-0.333903395,0.17943395
261,D_Price_ImpFac,PLoS One,-0.030493173,0.869565231,-4,D_Price_ImpFac_lag _4,-0.869565231,0.030493173
262,D_Price_ImpFac,PLoS One,0.023053957,0.901197019,-3,D_Price_ImpFac_lag _3,0.901197019,0.023053957
263,D_Price_ImpFac,PLoS One,0.08240951,0.657195292,-2,D_Price_ImpFac_lag _2,0.657195292,0.08240951
264,D_Price_ImpFac,PLoS One,0.082867731,0.655412056,-1,D_Price_ImpFac_lag _1,0.655412056,0.082867731
265,D_Price_ImpFac,PLoS Biol,-0.018509819,0.92059963,-4,D_Price_ImpFac_lag _4,-0.92059963,0.018509819
266,D_Price_ImpFac,PLoS Biol,0.104895118,0.572157091,-3,D_Price_ImpFac_lag _3,0.572157091,0.104895118
267,D_Price_ImpFac,PLoS Biol,-0.207443484,0.263944152,-2,D_Price_ImpFac_lag _2,-0.263944152,0.207443484
268,D_Price_ImpFac,PLoS Biol,-0.151468603,0.414681241,-1,D_Price_ImpFac_lag _1,-0.414681241,0.151468603
269,D_Price_ImpFac,PLoS Med,0.197707589,0.287017164,-4,D_Price_ImpFac_lag _4,0.287017164,0.197707589
270,D_Price_ImpFac,PLoS Med,0.181565225,0.328193702,-3,D_Price_ImpFac_lag _3,0.328193702,0.181565225
271,D_Price_ImpFac,PLoS Med,-0.269044218,0.147380189,-2,D_Price_ImpFac_lag _2,-0.147380189,0.269044218
272,D_Price_ImpFac,PLoS Med,-0.177638806,0.338761995,-1,D_Price_ImpFac_lag _1,-0.338761995,0.177638806
273,D_Price_ImpFac,Front Neurosci,0.116233222,0.531357539,-4,D_Price_ImpFac_lag _4,0.531357539,0.116233222
274,D_Price_ImpFac,Front Neurosci,0.094691792,0.610099869,-3,D_Price_ImpFac_lag _3,0.610099869,0.094691792
275,D_Price_ImpFac,Front Neurosci,-0.001981507,0.991486143,-2,D_Price_ImpFac_lag _2,-0.991486143,0.001981507
276,D_Price_ImpFac,Front Neurosci,0.00733007,0.968512773,-1,D_Price_ImpFac_lag _1,0.968512773,0.00733007
277,D_Price_ImpFac,Sci Rep,0.145151882,0.434410414,-4,D_Price_ImpFac_lag _4,0.434410414,0.145151882
278,D_Price_ImpFac,Sci Rep,0.061523517,0.740407109,-3,D_Price_ImpFac_lag _3,0.740407109,0.061523517
279,D_Price_ImpFac,Sci Rep,-0.428868307,0.020914382,-2,D_Price_ImpFac_lag _2,-0.020914382,0.428868307
280,D_Price_ImpFac,Sci Rep,-0.360233622,0.052389726,-1,D_Price_ImpFac_lag _1,-0.052389726,0.360233622
281,D_Price_ImpFac,Front Psychiatry,0.001737991,0.992532413,-4,D_Price_ImpFac_lag _4,0.992532413,0.001737991
282,D_Price_ImpFac,Front Psychiatry,0.42923433,0.020805385,-3,D_Price_ImpFac_lag _3,0.020805385,0.42923433
283,D_Price_ImpFac,Front Psychiatry,0.105747528,0.569038671,-2,D_Price_ImpFac_lag _2,0.569038671,0.105747528
284,D_Price_ImpFac,Front Psychiatry,0.326384324,0.078809911,-1,D_Price_ImpFac_lag _1,0.078809911,0.326384324
285,D_Price_ImpFac,Int J Mol Sci,-0.54502527,0.00333493,-4,D_Price_ImpFac_lag _4,-0.00333493,0.54502527
286,D_Price_ImpFac,Int J Mol Sci,0.123945139,0.50447516,-3,D_Price_ImpFac_lag _3,0.50447516,0.123945139
287,D_Price_ImpFac,Int J Mol Sci,0.021530836,0.907694468,-2,D_Price_ImpFac_lag _2,0.907694468,0.021530836
288,D_Price_ImpFac,Int J Mol Sci,-0.180622856,0.330710455,-1,D_Price_ImpFac_lag _1,-0.330710455,0.180622856
289,E_PubNum_Price,eBioMedicine,0.419006672,0.024044341,-4,E_PubNum_Price_lag _4,0.024044341,0.419006672
290,E_PubNum_Price,eBioMedicine,-0.51975384,0.005126747,-3,E_PubNum_Price_lag _3,-0.005126747,0.51975384
291,E_PubNum_Price,eBioMedicine,-0.027564755,0.881994945,-2,E_PubNum_Price_lag _2,-0.881994945,0.027564755
292,E_PubNum_Price,eBioMedicine,0.021759127,0.906720202,-1,E_PubNum_Price_lag _1,0.906720202,0.021759127
293,E_PubNum_Price,Lancet Glob Health,0.346918529,0.061732324,-4,E_PubNum_Price_lag _4,0.061732324,0.346918529
294,E_PubNum_Price,Lancet Glob Health,-0.255784891,0.168375082,-3,E_PubNum_Price_lag _3,-0.168375082,0.255784891
295,E_PubNum_Price,Lancet Glob Health,0.22357201,0.228600354,-2,E_PubNum_Price_lag _2,0.228600354,0.22357201
296,E_PubNum_Price,Lancet Glob Health,-0.617433746,0.000884241,-1,E_PubNum_Price_lag _1,-0.000884241,0.617433746
297,E_PubNum_Price,BMJ Open,-0.060964695,0.742681116,-4,E_PubNum_Price_lag _4,-0.742681116,0.060964695
298,E_PubNum_Price,BMJ Open,0.023965477,0.897311722,-3,E_PubNum_Price_lag _3,0.897311722,0.023965477
299,E_PubNum_Price,BMJ Open,-0.339917334,0.067173584,-2,E_PubNum_Price_lag _2,-0.067173584,0.339917334
300,E_PubNum_Price,BMJ Open,0.107062194,0.564245132,-1,E_PubNum_Price_lag _1,0.564245132,0.107062194
301,E_PubNum_Price,Nat Commun,-0.525443183,0.00466065,-4,E_PubNum_Price_lag _4,-0.00466065,0.525443183
302,E_PubNum_Price,Nat Commun,-0.486383545,0.008812191,-3,E_PubNum_Price_lag _3,-0.008812191,0.486383545
303,E_PubNum_Price,Nat Commun,-0.39300626,0.034310506,-2,E_PubNum_Price_lag _2,-0.034310506,0.39300626
304,E_PubNum_Price,Nat Commun,-0.251742467,0.175202702,-1,E_PubNum_Price_lag _1,-0.175202702,0.251742467
305,E_PubNum_Price,Sci Adv,-0.037688197,0.839168523,-4,E_PubNum_Price_lag _4,-0.839168523,0.037688197
306,E_PubNum_Price,Sci Adv,-0.426326508,0.021685117,-3,E_PubNum_Price_lag _3,-0.021685117,0.426326508
307,E_PubNum_Price,Sci Adv,-0.005088405,0.978139182,-2,E_PubNum_Price_lag _2,-0.978139182,0.005088405
308,E_PubNum_Price,Sci Adv,0.049137599,0.791306779,-1,E_PubNum_Price_lag _1,0.791306779,0.049137599
309,E_PubNum_Price,JAMA Netw Open,NA,NA,-4,E_PubNum_Price_lag _4,NA,NA
310,E_PubNum_Price,JAMA Netw Open,NA,NA,-3,E_PubNum_Price_lag _3,NA,NA
311,E_PubNum_Price,JAMA Netw Open,NA,NA,-2,E_PubNum_Price_lag _2,NA,NA
312,E_PubNum_Price,JAMA Netw Open,NA,NA,-1,E_PubNum_Price_lag _1,NA,NA
313,E_PubNum_Price,Cell Rep,-0.260844193,0.160113788,-4,E_PubNum_Price_lag _4,-0.160113788,0.260844193
314,E_PubNum_Price,Cell Rep,-0.121891165,0.511564211,-3,E_PubNum_Price_lag _3,-0.511564211,0.121891165
315,E_PubNum_Price,Cell Rep,-0.318119782,0.086689094,-2,E_PubNum_Price_lag _2,-0.086689094,0.318119782
316,E_PubNum_Price,Cell Rep,-0.169390189,0.361666558,-1,E_PubNum_Price_lag _1,-0.361666558,0.169390189
317,E_PubNum_Price,Heliyon,0.192122668,0.300850039,-4,E_PubNum_Price_lag _4,0.300850039,0.192122668
318,E_PubNum_Price,Heliyon,0.216771765,0.243068376,-3,E_PubNum_Price_lag _3,0.243068376,0.216771765
319,E_PubNum_Price,Heliyon,-0.119947484,0.518320175,-2,E_PubNum_Price_lag _2,-0.518320175,0.119947484
320,E_PubNum_Price,Heliyon,0.108178304,0.56019089,-1,E_PubNum_Price_lag _1,0.56019089,0.108178304
321,E_PubNum_Price,Molecules,0.610081971,0.001018406,-4,E_PubNum_Price_lag _4,0.001018406,0.610081971
322,E_PubNum_Price,Molecules,-0.027823685,0.880894691,-3,E_PubNum_Price_lag _3,-0.880894691,0.027823685
323,E_PubNum_Price,Molecules,0.122104474,0.510825585,-2,E_PubNum_Price_lag _2,0.510825585,0.122104474
324,E_PubNum_Price,Molecules,0.29749727,0.109139726,-1,E_PubNum_Price_lag _1,0.109139726,0.29749727
325,E_PubNum_Price,BMC Bioinformatics,0.462567182,0.012738394,-4,E_PubNum_Price_lag _4,0.012738394,0.462567182
326,E_PubNum_Price,BMC Bioinformatics,0.45624612,0.014011807,-3,E_PubNum_Price_lag _3,0.014011807,0.45624612
327,E_PubNum_Price,BMC Bioinformatics,0.503601744,0.006688295,-2,E_PubNum_Price_lag _2,0.006688295,0.503601744
328,E_PubNum_Price,BMC Bioinformatics,0.329046472,0.076399623,-1,E_PubNum_Price_lag _1,0.076399623,0.329046472
329,E_PubNum_Price,Genome Biol,0.182998053,0.324390966,-4,E_PubNum_Price_lag _4,0.324390966,0.182998053
330,E_PubNum_Price,Genome Biol,-0.40198733,0.030405455,-3,E_PubNum_Price_lag _3,-0.030405455,0.40198733
331,E_PubNum_Price,Genome Biol,0.206641527,0.265794902,-2,E_PubNum_Price_lag _2,0.265794902,0.206641527
332,E_PubNum_Price,Genome Biol,0.415177803,0.025364816,-1,E_PubNum_Price_lag _1,0.025364816,0.415177803
333,E_PubNum_Price,PLoS One,-0.110721393,0.551006259,-4,E_PubNum_Price_lag _4,-0.551006259,0.110721393
334,E_PubNum_Price,PLoS One,-0.096993283,0.601444196,-3,E_PubNum_Price_lag _3,-0.601444196,0.096993283
335,E_PubNum_Price,PLoS One,-0.100957184,0.586667841,-2,E_PubNum_Price_lag _2,-0.586667841,0.100957184
336,E_PubNum_Price,PLoS One,-0.10880161,0.557932907,-1,E_PubNum_Price_lag _1,-0.557932907,0.10880161
337,E_PubNum_Price,PLoS Biol,0.286453414,0.122928138,-4,E_PubNum_Price_lag _4,0.122928138,0.286453414
338,E_PubNum_Price,PLoS Biol,-0.09780146,0.598417923,-3,E_PubNum_Price_lag _3,-0.598417923,0.09780146
339,E_PubNum_Price,PLoS Biol,-0.210444352,0.25709773,-2,E_PubNum_Price_lag _2,-0.25709773,0.210444352
340,E_PubNum_Price,PLoS Biol,0.417955383,0.02440083,-1,E_PubNum_Price_lag _1,0.02440083,0.417955383
341,E_PubNum_Price,PLoS Med,0.088048893,0.635387383,-4,E_PubNum_Price_lag _4,0.635387383,0.088048893
342,E_PubNum_Price,PLoS Med,0.151509302,0.414555868,-3,E_PubNum_Price_lag _3,0.414555868,0.151509302
343,E_PubNum_Price,PLoS Med,0.004537966,0.980503482,-2,E_PubNum_Price_lag _2,0.980503482,0.004537966
344,E_PubNum_Price,PLoS Med,0.021615417,0.90733349,-1,E_PubNum_Price_lag _1,0.90733349,0.021615417
345,E_PubNum_Price,Front Neurosci,0.113418662,0.541346438,-4,E_PubNum_Price_lag _4,0.541346438,0.113418662
346,E_PubNum_Price,Front Neurosci,-0.028701628,0.877165843,-3,E_PubNum_Price_lag _3,-0.877165843,0.028701628
347,E_PubNum_Price,Front Neurosci,0.31573607,0.089076245,-2,E_PubNum_Price_lag _2,0.089076245,0.31573607
348,E_PubNum_Price,Front Neurosci,-0.11934751,0.52041488,-1,E_PubNum_Price_lag _1,-0.52041488,0.11934751
349,E_PubNum_Price,Sci Rep,0.032829251,0.859672617,-4,E_PubNum_Price_lag _4,0.859672617,0.032829251
350,E_PubNum_Price,Sci Rep,-0.394696957,0.033544234,-3,E_PubNum_Price_lag _3,-0.033544234,0.394696957
351,E_PubNum_Price,Sci Rep,0.137912987,0.457672919,-2,E_PubNum_Price_lag _2,0.457672919,0.137912987
352,E_PubNum_Price,Sci Rep,-0.369047808,0.04687994,-1,E_PubNum_Price_lag _1,-0.04687994,0.369047808
353,E_PubNum_Price,Front Psychiatry,-0.297697705,0.108901275,-4,E_PubNum_Price_lag _4,-0.108901275,0.297697705
354,E_PubNum_Price,Front Psychiatry,-0.244317117,0.188278803,-3,E_PubNum_Price_lag _3,-0.188278803,0.244317117
355,E_PubNum_Price,Front Psychiatry,0.088368192,0.634161809,-2,E_PubNum_Price_lag _2,0.634161809,0.088368192
356,E_PubNum_Price,Front Psychiatry,0.092785382,0.617311282,-1,E_PubNum_Price_lag _1,0.617311282,0.092785382
357,E_PubNum_Price,Int J Mol Sci,-0.070738377,0.703249388,-4,E_PubNum_Price_lag _4,-0.703249388,0.070738377
358,E_PubNum_Price,Int J Mol Sci,-0.14690724,0.428874146,-3,E_PubNum_Price_lag _3,-0.428874146,0.14690724
359,E_PubNum_Price,Int J Mol Sci,0.004132065,0.982247059,-2,E_PubNum_Price_lag _2,0.982247059,0.004132065
360,E_PubNum_Price,Int J Mol Sci,0.138921202,0.454391657,-1,E_PubNum_Price_lag _1,0.454391657,0.138921202
361,F_Price_PubNum,eBioMedicine,0.048579104,0.793624847,-4,F_Price_PubNum_lag _4,0.793624847,0.048579104
362,F_Price_PubNum,eBioMedicine,0.077771996,0.675351329,-3,F_Price_PubNum_lag _3,0.675351329,0.077771996
363,F_Price_PubNum,eBioMedicine,-0.093337635,0.615218421,-2,F_Price_PubNum_lag _2,-0.615218421,0.093337635
364,F_Price_PubNum,eBioMedicine,0.002668947,0.988532622,-1,F_Price_PubNum_lag _1,0.988532622,0.002668947
365,F_Price_PubNum,Lancet Glob Health,0.071361867,0.700759506,-4,F_Price_PubNum_lag _4,0.700759506,0.071361867
366,F_Price_PubNum,Lancet Glob Health,-0.127145478,0.493533658,-3,F_Price_PubNum_lag _3,-0.493533658,0.127145478
367,F_Price_PubNum,Lancet Glob Health,0.018246783,0.921724304,-2,F_Price_PubNum_lag _2,0.921724304,0.018246783
368,F_Price_PubNum,Lancet Glob Health,-0.111626899,0.547753905,-1,F_Price_PubNum_lag _1,-0.547753905,0.111626899
369,F_Price_PubNum,BMJ Open,0.124455079,0.502723221,-4,F_Price_PubNum_lag _4,0.502723221,0.124455079
370,F_Price_PubNum,BMJ Open,-0.445374281,0.016466247,-3,F_Price_PubNum_lag _3,-0.016466247,0.445374281
371,F_Price_PubNum,BMJ Open,0.091041319,0.623941079,-2,F_Price_PubNum_lag _2,0.623941079,0.091041319
372,F_Price_PubNum,BMJ Open,-0.403974331,0.029595037,-1,F_Price_PubNum_lag _1,-0.029595037,0.403974331
373,F_Price_PubNum,Nat Commun,0.270463031,0.145257766,-4,F_Price_PubNum_lag _4,0.145257766,0.270463031
374,F_Price_PubNum,Nat Commun,0.113228604,0.542024318,-3,F_Price_PubNum_lag _3,0.542024318,0.113228604
375,F_Price_PubNum,Nat Commun,-0.156434472,0.399549873,-2,F_Price_PubNum_lag _2,-0.399549873,0.156434472
376,F_Price_PubNum,Nat Commun,-0.273442182,0.140877483,-1,F_Price_PubNum_lag _1,-0.140877483,0.273442182
377,F_Price_PubNum,Sci Adv,0.147286668,0.427682872,-4,F_Price_PubNum_lag _4,0.427682872,0.147286668
378,F_Price_PubNum,Sci Adv,-0.249228962,0.179550919,-3,F_Price_PubNum_lag _3,-0.179550919,0.249228962
379,F_Price_PubNum,Sci Adv,0.245077099,0.186908291,-2,F_Price_PubNum_lag _2,0.186908291,0.245077099
380,F_Price_PubNum,Sci Adv,0.789622944,2.12E-05,-1,F_Price_PubNum_lag _1,2.11634E-05,0.789622944
381,F_Price_PubNum,JAMA Netw Open,NA,NA,-4,F_Price_PubNum_lag _4,NA,NA
382,F_Price_PubNum,JAMA Netw Open,NA,NA,-3,F_Price_PubNum_lag _3,NA,NA
383,F_Price_PubNum,JAMA Netw Open,NA,NA,-2,F_Price_PubNum_lag _2,NA,NA
384,F_Price_PubNum,JAMA Netw Open,NA,NA,-1,F_Price_PubNum_lag _1,NA,NA
385,F_Price_PubNum,Cell Rep,0.062353671,0.737033158,-4,F_Price_PubNum_lag _4,0.737033158,0.062353671
386,F_Price_PubNum,Cell Rep,0.031844382,0.86384066,-3,F_Price_PubNum_lag _3,0.86384066,0.031844382
387,F_Price_PubNum,Cell Rep,0.021090817,0.909572704,-2,F_Price_PubNum_lag _2,0.909572704,0.021090817
388,F_Price_PubNum,Cell Rep,-0.039313103,0.832335208,-1,F_Price_PubNum_lag _1,-0.832335208,0.039313103
389,F_Price_PubNum,Heliyon,NA,NA,-4,F_Price_PubNum_lag _4,NA,NA
390,F_Price_PubNum,Heliyon,0.388065684,0.036635979,-3,F_Price_PubNum_lag _3,0.036635979,0.388065684
391,F_Price_PubNum,Heliyon,-0.544497352,0.003365613,-2,F_Price_PubNum_lag _2,-0.003365613,0.544497352
392,F_Price_PubNum,Heliyon,-0.169293027,0.361942014,-1,F_Price_PubNum_lag _1,-0.361942014,0.169293027
393,F_Price_PubNum,Molecules,-0.054537633,0.76899163,-4,F_Price_PubNum_lag _4,-0.76899163,0.054537633
394,F_Price_PubNum,Molecules,0.021801862,0.90653784,-3,F_Price_PubNum_lag _3,0.90653784,0.021801862
395,F_Price_PubNum,Molecules,-0.327223562,0.078043482,-2,F_Price_PubNum_lag _2,-0.078043482,0.327223562
396,F_Price_PubNum,Molecules,0.33729432,0.069311258,-1,F_Price_PubNum_lag _1,0.069311258,0.33729432
397,F_Price_PubNum,BMC Bioinformatics,0.014072433,0.939592242,-4,F_Price_PubNum_lag _4,0.939592242,0.014072433
398,F_Price_PubNum,BMC Bioinformatics,0.062888423,0.734862471,-3,F_Price_PubNum_lag _3,0.734862471,0.062888423
399,F_Price_PubNum,BMC Bioinformatics,-0.035422674,0.848716026,-2,F_Price_PubNum_lag _2,-0.848716026,0.035422674
400,F_Price_PubNum,BMC Bioinformatics,0.012418437,0.946680952,-1,F_Price_PubNum_lag _1,0.946680952,0.012418437
401,F_Price_PubNum,Genome Biol,-0.08969513,0.629079367,-4,F_Price_PubNum_lag _4,-0.629079367,0.08969513
402,F_Price_PubNum,Genome Biol,-0.349666114,0.05969906,-3,F_Price_PubNum_lag _3,-0.05969906,0.349666114
403,F_Price_PubNum,Genome Biol,-0.279809351,0.131856938,-2,F_Price_PubNum_lag _2,-0.131856938,0.279809351
404,F_Price_PubNum,Genome Biol,-0.094469875,0.610937395,-1,F_Price_PubNum_lag _1,-0.610937395,0.094469875
405,F_Price_PubNum,PLoS One,0.538509745,0.003732058,-4,F_Price_PubNum_lag _4,0.003732058,0.538509745
406,F_Price_PubNum,PLoS One,0.245474241,0.186195044,-3,F_Price_PubNum_lag _3,0.186195044,0.245474241
407,F_Price_PubNum,PLoS One,0.270221491,0.145617426,-2,F_Price_PubNum_lag _2,0.145617426,0.270221491
408,F_Price_PubNum,PLoS One,0.478292669,0.010004178,-1,F_Price_PubNum_lag _1,0.010004178,0.478292669
409,F_Price_PubNum,PLoS Biol,-0.150884121,0.416484219,-4,F_Price_PubNum_lag _4,-0.416484219,0.150884121
410,F_Price_PubNum,PLoS Biol,0.117705916,0.526168435,-3,F_Price_PubNum_lag _3,0.526168435,0.117705916
411,F_Price_PubNum,PLoS Biol,-0.196835808,0.289147662,-2,F_Price_PubNum_lag _2,-0.289147662,0.196835808
412,F_Price_PubNum,PLoS Biol,-0.017170344,0.926328491,-1,F_Price_PubNum_lag _1,-0.926328491,0.017170344
413,F_Price_PubNum,PLoS Med,0.038516314,0.835684444,-4,F_Price_PubNum_lag _4,0.835684444,0.038516314
414,F_Price_PubNum,PLoS Med,0.045988684,0.804400083,-3,F_Price_PubNum_lag _3,0.804400083,0.045988684
415,F_Price_PubNum,PLoS Med,-0.101405292,0.585008053,-2,F_Price_PubNum_lag _2,-0.585008053,0.101405292
416,F_Price_PubNum,PLoS Med,-0.378243547,0.04165968,-1,F_Price_PubNum_lag _1,-0.04165968,0.378243547
417,F_Price_PubNum,Front Neurosci,-0.394240625,0.0337496,-4,F_Price_PubNum_lag _4,-0.0337496,0.394240625
418,F_Price_PubNum,Front Neurosci,0.072157755,0.697585828,-3,F_Price_PubNum_lag _3,0.697585828,0.072157755
419,F_Price_PubNum,Front Neurosci,0.168804347,0.36332942,-2,F_Price_PubNum_lag _2,0.36332942,0.168804347
420,F_Price_PubNum,Front Neurosci,-0.148570288,0.423667063,-1,F_Price_PubNum_lag _1,-0.423667063,0.148570288
421,F_Price_PubNum,Sci Rep,0.098235847,0.596794194,-4,F_Price_PubNum_lag _4,0.596794194,0.098235847
422,F_Price_PubNum,Sci Rep,-0.345406237,0.062875692,-3,F_Price_PubNum_lag _3,-0.062875692,0.345406237
423,F_Price_PubNum,Sci Rep,-0.189737882,0.306889882,-2,F_Price_PubNum_lag _2,-0.306889882,0.189737882
424,F_Price_PubNum,Sci Rep,-0.496024877,0.007558607,-1,F_Price_PubNum_lag _1,-0.007558607,0.496024877
425,F_Price_PubNum,Front Psychiatry,-0.222365625,0.231121257,-4,F_Price_PubNum_lag _4,-0.231121257,0.222365625
426,F_Price_PubNum,Front Psychiatry,-0.495635346,0.007605978,-3,F_Price_PubNum_lag _3,-0.007605978,0.495635346
427,F_Price_PubNum,Front Psychiatry,-0.049738,0.788816839,-2,F_Price_PubNum_lag _2,-0.788816839,0.049738
428,F_Price_PubNum,Front Psychiatry,0.214664134,0.247680446,-1,F_Price_PubNum_lag _1,0.247680446,0.214664134
429,F_Price_PubNum,Int J Mol Sci,-0.110363622,0.552293896,-4,F_Price_PubNum_lag _4,-0.552293896,0.110363622
430,F_Price_PubNum,Int J Mol Sci,-0.296265372,0.110614357,-3,F_Price_PubNum_lag _3,-0.110614357,0.296265372
431,F_Price_PubNum,Int J Mol Sci,-0.288522044,0.120246744,-2,F_Price_PubNum_lag _2,-0.120246744,0.288522044
432,F_Price_PubNum,Int J Mol Sci,0.125104317,0.500497378,-1,F_Price_PubNum_lag _1,0.500497378,0.125104317
