Entity,Code,Year,Research and development expenditure (% of GDP)
Albania,ALB,2007,0.08757
Albania,ALB,2008,0.15412
Algeria,DZA,2001,0.23028
Algeria,DZA,2002,0.3664
Algeria,DZA,2003,0.19623
Algeria,DZA,2004,0.16357
Algeria,DZA,2005,0.06604
Algeria,DZA,2017,0.53432
American Samoa,ASM,2003,0.18787
American Samoa,ASM,2004,0.32528
American Samoa,ASM,2005,0.36692
American Samoa,ASM,2006,0.39552
Angola,AGO,2016,0.03229
Argentina,ARG,1996,0.41749
Argentina,ARG,1997,0.41959
Argentina,ARG,1998,0.41131
Argentina,ARG,1999,0.45337
Argentina,ARG,2000,0.43884
Argentina,ARG,2001,0.42461
Argentina,ARG,2002,0.38886
Argentina,ARG,2003,0.41013
Argentina,ARG,2004,0.40376
Argentina,ARG,2005,0.42074
Argentina,ARG,2006,0.45216
Argentina,ARG,2007,0.46007
Argentina,ARG,2008,0.47055
Argentina,ARG,2009,0.58398
Argentina,ARG,2010,0.56104
Argentina,ARG,2011,0.56597
Argentina,ARG,2012,0.63491
Argentina,ARG,2013,0.61849
Argentina,ARG,2014,0.59396
Argentina,ARG,2015,0.62262
Argentina,ARG,2016,0.55815
Argentina,ARG,2017,0.55631
Argentina,ARG,2018,0.49435
Argentina,ARG,2019,0.47813
Argentina,ARG,2020,0.54154
Argentina,ARG,2021,0.51764
Armenia,ARM,1997,0.18692
Armenia,ARM,1998,0.22601
Armenia,ARM,1999,0.214
Armenia,ARM,2000,0.19106
Armenia,ARM,2001,0.27987
Armenia,ARM,2002,0.25255
Armenia,ARM,2003,0.32109
Armenia,ARM,2004,0.25659
Armenia,ARM,2005,0.25761
Armenia,ARM,2006,0.24057
Armenia,ARM,2007,0.21107
Armenia,ARM,2008,0.22438
Armenia,ARM,2009,0.29093
Armenia,ARM,2010,0.24139
Armenia,ARM,2011,0.27014
Armenia,ARM,2012,0.23853
Armenia,ARM,2013,0.22216
Armenia,ARM,2014,0.24151
Armenia,ARM,2015,0.25002
Armenia,ARM,2016,0.23305
Armenia,ARM,2017,0.22788
Armenia,ARM,2018,0.18876
Armenia,ARM,2019,0.17854
Armenia,ARM,2020,0.2092
Armenia,ARM,2021,0.20583
Australia,AUS,1996,1.66231
Australia,AUS,1998,1.51356
Australia,AUS,2000,1.5732
Australia,AUS,2002,1.74749
Australia,AUS,2004,1.84902
Australia,AUS,2006,2.18011
Australia,AUS,2008,2.39995
Australia,AUS,2010,2.37075
Australia,AUS,2011,2.23484
Australia,AUS,2013,2.17843
Australia,AUS,2015,1.92071
Australia,AUS,2017,1.87977
Australia,AUS,2019,1.82892
Austria,AUT,1996,1.58077
Austria,AUT,1997,1.65491
Austria,AUT,1998,1.73155
Austria,AUT,1999,1.84537
Austria,AUT,2000,1.88602
Austria,AUT,2001,1.9921
Austria,AUT,2002,2.06598
Austria,AUT,2003,2.17456
Austria,AUT,2004,2.16612
Austria,AUT,2005,2.37324
Austria,AUT,2006,2.35923
Austria,AUT,2007,2.41843
Austria,AUT,2008,2.56945
Austria,AUT,2009,2.59674
Austria,AUT,2010,2.7261
Austria,AUT,2011,2.66868
Austria,AUT,2012,2.91472
Austria,AUT,2013,2.95492
Austria,AUT,2014,3.08429
Austria,AUT,2015,3.04969
Austria,AUT,2016,3.11655
Austria,AUT,2017,3.05656
Austria,AUT,2018,3.09182
Austria,AUT,2019,3.13247
Austria,AUT,2020,3.20149
Austria,AUT,2021,3.25632
Azerbaijan,AZE,1996,0.23533
Azerbaijan,AZE,1997,0.3695
Azerbaijan,AZE,1998,0.42125
Azerbaijan,AZE,1999,0.39289
Azerbaijan,AZE,2000,0.336
Azerbaijan,AZE,2001,0.34001
Azerbaijan,AZE,2002,0.30155
Azerbaijan,AZE,2003,0.32496
Azerbaijan,AZE,2004,0.29831
Azerbaijan,AZE,2005,0.21994
Azerbaijan,AZE,2006,0.17165
Azerbaijan,AZE,2007,0.17006
Azerbaijan,AZE,2008,0.16554
Azerbaijan,AZE,2009,0.24976
Azerbaijan,AZE,2010,0.21848
Azerbaijan,AZE,2011,0.21084
Azerbaijan,AZE,2012,0.21427
Azerbaijan,AZE,2013,0.20969
Azerbaijan,AZE,2014,0.20978
Azerbaijan,AZE,2015,0.22232
Azerbaijan,AZE,2016,0.20637
Azerbaijan,AZE,2017,0.18468
Azerbaijan,AZE,2018,0.18416
Azerbaijan,AZE,2019,0.20013
Azerbaijan,AZE,2020,0.2239
Azerbaijan,AZE,2021,0.20836
Bahrain,BHR,2014,0.10116
Belarus,BLR,1996,0.99852
Belarus,BLR,1997,0.73
Belarus,BLR,1998,0.70578
Belarus,BLR,1999,0.84523
Belarus,BLR,2000,0.7221
Belarus,BLR,2001,0.70876
Belarus,BLR,2002,0.6209
Belarus,BLR,2003,0.61147
Belarus,BLR,2004,0.62759
Belarus,BLR,2005,0.67852
Belarus,BLR,2006,0.66065
Belarus,BLR,2007,0.96203
Belarus,BLR,2008,0.74147
Belarus,BLR,2009,0.62167
Belarus,BLR,2010,0.66913
Belarus,BLR,2011,0.6776
Belarus,BLR,2012,0.64603
Belarus,BLR,2013,0.65191
Belarus,BLR,2014,0.50548
Belarus,BLR,2015,0.49999
Belarus,BLR,2016,0.50063
Belarus,BLR,2017,0.58411
Belarus,BLR,2018,0.60443
Belarus,BLR,2019,0.57733
Belarus,BLR,2020,0.53901
Belarus,BLR,2021,0.45981
Belgium,BEL,1996,1.74299
Belgium,BEL,1997,1.80971
Belgium,BEL,1998,1.83825
Belgium,BEL,1999,1.90565
Belgium,BEL,2000,1.93619
Belgium,BEL,2001,2.03279
Belgium,BEL,2002,1.90325
Belgium,BEL,2003,1.84119
Belgium,BEL,2004,1.8205
Belgium,BEL,2005,1.79061
Belgium,BEL,2006,1.82269
Belgium,BEL,2007,1.84999
Belgium,BEL,2008,1.93684
Belgium,BEL,2009,1.9986
Belgium,BEL,2010,2.06188
Belgium,BEL,2011,2.17332
Belgium,BEL,2012,2.28114
Belgium,BEL,2013,2.33073
Belgium,BEL,2014,2.37002
Belgium,BEL,2015,2.42817
Belgium,BEL,2016,2.52338
Belgium,BEL,2017,2.66666
Belgium,BEL,2018,2.86018
Belgium,BEL,2019,3.1566
Belgium,BEL,2020,3.39697
Belgium,BEL,2021,3.42979
Bermuda,BMU,1997,0.05885
Bermuda,BMU,2007,0.16026
Bermuda,BMU,2008,0.16848
Bermuda,BMU,2009,0.18235
Bermuda,BMU,2010,0.1805
Bermuda,BMU,2011,0.26195
Bermuda,BMU,2012,0.23355
Bermuda,BMU,2013,0.1963
Bermuda,BMU,2014,0.19083
Bermuda,BMU,2015,0.19507
Bermuda,BMU,2018,0.22851
Bermuda,BMU,2019,0.26451
Bermuda,BMU,2020,0.22546
Bolivia,BOL,1996,0.32544
Bolivia,BOL,1997,0.31577
Bolivia,BOL,1998,0.29495
Bolivia,BOL,1999,0.29836
Bolivia,BOL,2000,0.28744
Bolivia,BOL,2001,0.29358
Bolivia,BOL,2002,0.27663
Bolivia,BOL,2009,0.157
Bosnia and Herzegovina,BIH,2003,0.01826
Bosnia and Herzegovina,BIH,2004,0.0159
Bosnia and Herzegovina,BIH,2005,0.02697
Bosnia and Herzegovina,BIH,2006,0.01969
Bosnia and Herzegovina,BIH,2007,0.02521
Bosnia and Herzegovina,BIH,2008,0.01842
Bosnia and Herzegovina,BIH,2009,0.02106
Bosnia and Herzegovina,BIH,2012,0.26533
Bosnia and Herzegovina,BIH,2013,0.32132
Bosnia and Herzegovina,BIH,2014,0.25725
Bosnia and Herzegovina,BIH,2015,0.21603
Bosnia and Herzegovina,BIH,2016,0.21337
Bosnia and Herzegovina,BIH,2017,0.1978
Bosnia and Herzegovina,BIH,2018,0.19199
Bosnia and Herzegovina,BIH,2019,0.19001
Bosnia and Herzegovina,BIH,2020,0.20325
Bosnia and Herzegovina,BIH,2021,0.19054
Botswana,BWA,2005,0.53286
Botswana,BWA,2012,0.26759
Botswana,BWA,2013,0.561
Brazil,BRA,2000,1.04751
Brazil,BRA,2001,1.06198
Brazil,BRA,2002,1.00968
Brazil,BRA,2003,0.99939
Brazil,BRA,2004,0.96343
Brazil,BRA,2005,1.00246
Brazil,BRA,2006,0.98807
Brazil,BRA,2007,1.08138
Brazil,BRA,2008,1.12904
Brazil,BRA,2009,1.11866
Brazil,BRA,2010,1.15992
Brazil,BRA,2011,1.13966
Brazil,BRA,2012,1.12684
Brazil,BRA,2013,1.19567
Brazil,BRA,2014,1.26971
Brazil,BRA,2015,1.37093
Brazil,BRA,2016,1.28637
Brazil,BRA,2017,1.1175
Brazil,BRA,2018,1.16769
Brazil,BRA,2019,1.21096
Brazil,BRA,2020,1.14526
Brunei,BRN,2002,0.01592
Brunei,BRN,2003,0.01842
Brunei,BRN,2004,0.03701
Brunei,BRN,2018,0.27763
Bulgaria,BGR,1996,0.41826
Bulgaria,BGR,1997,0.46548
Bulgaria,BGR,1998,0.48223
Bulgaria,BGR,1999,0.53688
Bulgaria,BGR,2000,0.49517
Bulgaria,BGR,2001,0.44709
Bulgaria,BGR,2002,0.46473
Bulgaria,BGR,2003,0.47222
Bulgaria,BGR,2004,0.47086
Bulgaria,BGR,2005,0.44269
Bulgaria,BGR,2006,0.44216
Bulgaria,BGR,2007,0.43003
Bulgaria,BGR,2008,0.44731
Bulgaria,BGR,2009,0.49338
Bulgaria,BGR,2010,0.56307
Bulgaria,BGR,2011,0.52951
Bulgaria,BGR,2012,0.60036
Bulgaria,BGR,2013,0.63433
Bulgaria,BGR,2014,0.79005
Bulgaria,BGR,2015,0.94917
Bulgaria,BGR,2016,0.76976
Bulgaria,BGR,2017,0.73995
Bulgaria,BGR,2018,0.75379
Bulgaria,BGR,2019,0.83236
Bulgaria,BGR,2020,0.84924
Bulgaria,BGR,2021,0.7726
Burkina Faso,BFA,1996,0.15834
Burkina Faso,BFA,1997,0.18104
Burkina Faso,BFA,2001,0.16816
Burkina Faso,BFA,2002,0.30111
Burkina Faso,BFA,2003,0.24112
Burkina Faso,BFA,2004,0.21514
Burkina Faso,BFA,2005,0.15166
Burkina Faso,BFA,2007,0.09836
Burkina Faso,BFA,2008,0.16568
Burkina Faso,BFA,2009,0.17787
Burkina Faso,BFA,2014,0.19719
Burkina Faso,BFA,2017,0.61361
Burkina Faso,BFA,2019,0.17278
Burkina Faso,BFA,2020,0.24824
Burkina Faso,BFA,2021,0.25006
Burundi,BDI,2007,0.20068
Burundi,BDI,2008,0.15417
Burundi,BDI,2009,0.14096
Burundi,BDI,2010,0.13719
Burundi,BDI,2012,0.10702
Burundi,BDI,2018,0.21312
Cambodia,KHM,2002,0.0498
Cambodia,KHM,2015,0.11823
Canada,CAN,1996,1.60682
Canada,CAN,1997,1.61386
Canada,CAN,1998,1.71051
Canada,CAN,1999,1.74985
Canada,CAN,2000,1.85848
Canada,CAN,2001,2.02117
Canada,CAN,2002,1.97171
Canada,CAN,2003,1.96781
Canada,CAN,2004,1.99734
Canada,CAN,2005,1.97127
Canada,CAN,2006,1.94304
Canada,CAN,2007,1.90358
Canada,CAN,2008,1.85578
Canada,CAN,2009,1.91742
Canada,CAN,2010,1.82528
Canada,CAN,2011,1.78714
Canada,CAN,2012,1.77232
Canada,CAN,2013,1.7054
Canada,CAN,2014,1.71417
Canada,CAN,2015,1.69324
Canada,CAN,2016,1.72903
Canada,CAN,2017,1.68702
Canada,CAN,2018,1.7372
Canada,CAN,2019,1.75573
Canada,CAN,2020,1.89484
Canada,CAN,2021,1.69727
Cape Verde,CPV,2011,0.06622
Chad,TCD,2016,0.3005
Chile,CHL,2007,0.31143
Chile,CHL,2008,0.37492
Chile,CHL,2009,0.35403
Chile,CHL,2010,0.33165
Chile,CHL,2011,0.35288
Chile,CHL,2012,0.36213
Chile,CHL,2013,0.3903
Chile,CHL,2014,0.37668
Chile,CHL,2015,0.38296
Chile,CHL,2016,0.37103
Chile,CHL,2017,0.35679
Chile,CHL,2018,0.36916
Chile,CHL,2019,0.34205
Chile,CHL,2020,0.33496
China,CHN,1996,0.56324
China,CHN,1997,0.63873
China,CHN,1998,0.64689
China,CHN,1999,0.74963
China,CHN,2000,0.89316
China,CHN,2001,0.94033
China,CHN,2002,1.05786
China,CHN,2003,1.12037
China,CHN,2004,1.21498
China,CHN,2005,1.30792
China,CHN,2006,1.36854
China,CHN,2007,1.37369
China,CHN,2008,1.44592
China,CHN,2009,1.6648
China,CHN,2010,1.71372
China,CHN,2011,1.78034
China,CHN,2012,1.91214
China,CHN,2013,1.99786
China,CHN,2014,2.02243
China,CHN,2015,2.05701
China,CHN,2016,2.10033
China,CHN,2017,2.11603
China,CHN,2018,2.14058
China,CHN,2019,2.24463
China,CHN,2020,2.40666
China,CHN,2021,2.4326
Colombia,COL,2000,0.13106
Colombia,COL,2001,0.1329
Colombia,COL,2002,0.15559
Colombia,COL,2003,0.17398
Colombia,COL,2004,0.16964
Colombia,COL,2005,0.16557
Colombia,COL,2006,0.16427
Colombia,COL,2007,0.18307
Colombia,COL,2008,0.19541
Colombia,COL,2009,0.19351
Colombia,COL,2010,0.19358
Colombia,COL,2011,0.19842
Colombia,COL,2012,0.22116
Colombia,COL,2013,0.25761
Colombia,COL,2014,0.30317
Colombia,COL,2015,0.36542
Colombia,COL,2016,0.27051
Colombia,COL,2017,0.26109
Colombia,COL,2018,0.31233
Colombia,COL,2019,0.32201
Colombia,COL,2020,0.28961
Costa Rica,CRI,1996,0.30221
Costa Rica,CRI,1997,0.29569
Costa Rica,CRI,1998,0.26526
Costa Rica,CRI,1999,0.36759
Costa Rica,CRI,2000,0.41135
Costa Rica,CRI,2003,0.3619
Costa Rica,CRI,2004,0.37288
Costa Rica,CRI,2006,0.42693
Costa Rica,CRI,2007,0.35655
Costa Rica,CRI,2008,0.38593
Costa Rica,CRI,2009,0.51718
Costa Rica,CRI,2010,0.4799
Costa Rica,CRI,2011,0.46235
Costa Rica,CRI,2012,0.54713
Costa Rica,CRI,2013,0.54253
Costa Rica,CRI,2014,0.55627
Costa Rica,CRI,2015,0.43665
Costa Rica,CRI,2016,0.44335
Costa Rica,CRI,2017,0.42587
Costa Rica,CRI,2018,0.37144
Costa Rica,CRI,2020,0.33002
Costa Rica,CRI,2021,0.27531
Cote d'Ivoire,CIV,2016,0.06975
Croatia,HRV,1999,0.83179
Croatia,HRV,2000,1.0425
Croatia,HRV,2001,0.91762
Croatia,HRV,2002,0.94087
Croatia,HRV,2003,0.94069
Croatia,HRV,2004,1.02002
Croatia,HRV,2005,0.84776
Croatia,HRV,2006,0.73313
Croatia,HRV,2007,0.78493
Croatia,HRV,2008,0.87801
Croatia,HRV,2009,0.83507
Croatia,HRV,2010,0.73234
Croatia,HRV,2011,0.73847
Croatia,HRV,2012,0.73956
Croatia,HRV,2013,0.79817
Croatia,HRV,2014,0.77259
Croatia,HRV,2015,0.82816
Croatia,HRV,2016,0.84995
Croatia,HRV,2017,0.84727
Croatia,HRV,2018,0.95125
Croatia,HRV,2019,1.07963
Croatia,HRV,2020,1.24261
Croatia,HRV,2021,1.24485
Cuba,CUB,1996,0.34736
Cuba,CUB,1997,0.40172
Cuba,CUB,1998,0.50124
Cuba,CUB,1999,0.45832
Cuba,CUB,2000,0.47865
Cuba,CUB,2001,0.5653
Cuba,CUB,2002,0.56445
Cuba,CUB,2003,0.58243
Cuba,CUB,2004,0.60231
Cuba,CUB,2005,0.5492
Cuba,CUB,2006,0.44139
Cuba,CUB,2007,0.43615
Cuba,CUB,2008,0.50061
Cuba,CUB,2009,0.61485
Cuba,CUB,2010,0.60767
Cuba,CUB,2011,0.27192
Cuba,CUB,2012,0.40716
Cuba,CUB,2013,0.47467
Cuba,CUB,2014,0.41596
Cuba,CUB,2015,0.42854
Cuba,CUB,2016,0.34223
Cuba,CUB,2017,0.43066
Cuba,CUB,2018,0.53691
Cuba,CUB,2019,0.55308
Cuba,CUB,2020,0.51838
Cyprus,CYP,1998,0.20331
Cyprus,CYP,1999,0.21806
Cyprus,CYP,2000,0.2269
Cyprus,CYP,2001,0.23694
Cyprus,CYP,2002,0.27967
Cyprus,CYP,2003,0.31834
Cyprus,CYP,2004,0.33564
Cyprus,CYP,2005,0.36727
Cyprus,CYP,2006,0.38346
Cyprus,CYP,2007,0.40007
Cyprus,CYP,2008,0.38594
Cyprus,CYP,2009,0.44437
Cyprus,CYP,2010,0.44292
Cyprus,CYP,2011,0.45263
Cyprus,CYP,2012,0.43765
Cyprus,CYP,2013,0.48485
Cyprus,CYP,2014,0.51205
Cyprus,CYP,2015,0.47529
Cyprus,CYP,2016,0.5197
Cyprus,CYP,2017,0.54259
Cyprus,CYP,2018,0.61405
Cyprus,CYP,2019,0.7095
Cyprus,CYP,2020,0.84387
Cyprus,CYP,2021,0.83059
Czechia,CZE,1996,0.88912
Czechia,CZE,1997,0.98819
Czechia,CZE,1998,1.06022
Czechia,CZE,1999,1.04957
Czechia,CZE,2000,1.10997
Czechia,CZE,2001,1.09871
Czechia,CZE,2002,1.09819
Czechia,CZE,2003,1.1421
Czechia,CZE,2004,1.13935
Czechia,CZE,2005,1.161
Czechia,CZE,2006,1.22542
Czechia,CZE,2007,1.29572
Czechia,CZE,2008,1.23358
Czechia,CZE,2009,1.28656
Czechia,CZE,2010,1.3267
Czechia,CZE,2011,1.54477
Czechia,CZE,2012,1.76967
Czechia,CZE,2013,1.87924
Czechia,CZE,2014,1.95833
Czechia,CZE,2015,1.91689
Czechia,CZE,2016,1.67003
Czechia,CZE,2017,1.76855
Czechia,CZE,2018,1.89906
Czechia,CZE,2019,1.92734
Czechia,CZE,2020,1.98599
Czechia,CZE,2021,1.99601
Democratic Republic of Congo,COD,2004,0.26777
Democratic Republic of Congo,COD,2005,0.05799
Democratic Republic of Congo,COD,2006,0.06044
Democratic Republic of Congo,COD,2007,0.13609
Democratic Republic of Congo,COD,2008,0.08253
Democratic Republic of Congo,COD,2009,0.07822
Democratic Republic of Congo,COD,2015,0.40638
Denmark,DNK,1996,1.80667
Denmark,DNK,1997,1.88914
Denmark,DNK,1998,2.00619
Denmark,DNK,1999,2.12764
Denmark,DNK,2000,2.1862
Denmark,DNK,2001,2.32466
Denmark,DNK,2002,2.44145
Denmark,DNK,2003,2.51085
Denmark,DNK,2004,2.41916
Denmark,DNK,2005,2.39337
Denmark,DNK,2006,2.403
Denmark,DNK,2007,2.51541
Denmark,DNK,2008,2.77346
Denmark,DNK,2009,3.05514
Denmark,DNK,2010,2.91707
Denmark,DNK,2011,2.94465
Denmark,DNK,2012,2.98125
Denmark,DNK,2013,2.97048
Denmark,DNK,2014,2.91409
Denmark,DNK,2015,3.05497
Denmark,DNK,2016,3.09283
Denmark,DNK,2017,2.93124
Denmark,DNK,2018,2.96603
Denmark,DNK,2019,2.89685
Denmark,DNK,2020,2.96873
Denmark,DNK,2021,2.81262
East Asia and Pacific (WB),,1996,2.1854935
East Asia and Pacific (WB),,1997,2.2612374
East Asia and Pacific (WB),,1998,2.2287166
East Asia and Pacific (WB),,1999,2.298518
East Asia and Pacific (WB),,2000,2.2341328
East Asia and Pacific (WB),,2001,2.2803798
East Asia and Pacific (WB),,2002,2.246319
East Asia and Pacific (WB),,2003,2.32919
East Asia and Pacific (WB),,2004,2.3148708
East Asia and Pacific (WB),,2005,2.396891
East Asia and Pacific (WB),,2006,2.397395
East Asia and Pacific (WB),,2007,2.348981
East Asia and Pacific (WB),,2008,2.352016
East Asia and Pacific (WB),,2009,2.248672
East Asia and Pacific (WB),,2010,2.3983967
East Asia and Pacific (WB),,2011,2.328824
East Asia and Pacific (WB),,2012,2.483685
East Asia and Pacific (WB),,2013,2.2767973
East Asia and Pacific (WB),,2014,2.4750273
East Asia and Pacific (WB),,2015,2.322935
East Asia and Pacific (WB),,2016,2.339441
East Asia and Pacific (WB),,2017,2.3152947
East Asia and Pacific (WB),,2018,2.3551779
East Asia and Pacific (WB),,2019,2.3943331
East Asia and Pacific (WB),,2020,2.5798986
East Asia and Pacific (WB),,2021,2.7100782
Ecuador,ECU,1996,0.07406
Ecuador,ECU,1997,0.06263
Ecuador,ECU,1998,0.06517
Ecuador,ECU,2001,0.0515
Ecuador,ECU,2002,0.05534
Ecuador,ECU,2003,0.05735
Ecuador,ECU,2006,0.12863
Ecuador,ECU,2007,0.13194
Ecuador,ECU,2008,0.22779
Ecuador,ECU,2009,0.39463
Ecuador,ECU,2010,0.40297
Ecuador,ECU,2011,0.33991
Ecuador,ECU,2012,0.33236
Ecuador,ECU,2013,0.3799
Ecuador,ECU,2014,0.44266
Egypt,EGY,1996,0.2126
Egypt,EGY,1997,0.19756
Egypt,EGY,1998,0.1991
Egypt,EGY,1999,0.18651
Egypt,EGY,2000,0.19247
Egypt,EGY,2004,0.26994
Egypt,EGY,2005,0.24141
Egypt,EGY,2006,0.25903
Egypt,EGY,2007,0.2551
Egypt,EGY,2008,0.27024
Egypt,EGY,2009,0.43312
Egypt,EGY,2010,0.43345
Egypt,EGY,2011,0.53154
Egypt,EGY,2012,0.50899
Egypt,EGY,2013,0.63895
Egypt,EGY,2014,0.63649
Egypt,EGY,2015,0.71858
Egypt,EGY,2016,0.70848
Egypt,EGY,2017,0.64486
Egypt,EGY,2018,0.68839
Egypt,EGY,2019,0.79617
Egypt,EGY,2020,0.91564
Egypt,EGY,2021,0.91175
El Salvador,SLV,1998,0.08818
El Salvador,SLV,2007,0.1056
El Salvador,SLV,2008,0.13399
El Salvador,SLV,2009,0.0909
El Salvador,SLV,2010,0.07806
El Salvador,SLV,2011,0.0355
El Salvador,SLV,2012,0.03397
El Salvador,SLV,2013,0.06387
El Salvador,SLV,2014,0.09377
El Salvador,SLV,2015,0.14348
El Salvador,SLV,2016,0.14493
El Salvador,SLV,2017,0.18078
El Salvador,SLV,2018,0.16531
El Salvador,SLV,2019,0.17477
El Salvador,SLV,2020,0.16286
Estonia,EST,1998,0.56501
Estonia,EST,1999,0.67708
Estonia,EST,2000,0.6
Estonia,EST,2001,0.69839
Estonia,EST,2002,0.71203
Estonia,EST,2003,0.76465
Estonia,EST,2004,0.84584
Estonia,EST,2005,0.91705
Estonia,EST,2006,1.11277
Estonia,EST,2007,1.05874
Estonia,EST,2008,1.25188
Estonia,EST,2009,1.39679
Estonia,EST,2010,1.57899
Estonia,EST,2011,2.30522
Estonia,EST,2012,2.12481
Estonia,EST,2013,1.72412
Estonia,EST,2014,1.43023
Estonia,EST,2015,1.46777
Estonia,EST,2016,1.24306
Estonia,EST,2017,1.27685
Estonia,EST,2018,1.40999
Estonia,EST,2019,1.63146
Estonia,EST,2020,1.75092
Estonia,EST,2021,1.75215
Eswatini,SWZ,2015,0.26754
Ethiopia,ETH,2005,0.17917
Ethiopia,ETH,2007,0.17089
Ethiopia,ETH,2010,0.24137
Ethiopia,ETH,2013,0.60474
Ethiopia,ETH,2017,0.27437
Europe and Central Asia (WB),,1996,1.6517924
Europe and Central Asia (WB),,1997,1.6359528
Europe and Central Asia (WB),,1998,1.6043917
Europe and Central Asia (WB),,1999,1.6969426
Europe and Central Asia (WB),,2000,1.6818268
Europe and Central Asia (WB),,2001,1.7182176
Europe and Central Asia (WB),,2002,1.6948881
Europe and Central Asia (WB),,2003,1.7192806
Europe and Central Asia (WB),,2004,1.6947098
Europe and Central Asia (WB),,2005,1.6492405
Europe and Central Asia (WB),,2006,1.6574522
Europe and Central Asia (WB),,2007,1.6585869
Europe and Central Asia (WB),,2008,1.720746
Europe and Central Asia (WB),,2009,1.8113282
Europe and Central Asia (WB),,2010,1.774112
Europe and Central Asia (WB),,2011,1.7806816
Europe and Central Asia (WB),,2012,1.8252994
Europe and Central Asia (WB),,2013,1.8064641
Europe and Central Asia (WB),,2014,1.9274819
Europe and Central Asia (WB),,2015,1.9973742
Europe and Central Asia (WB),,2016,1.9851165
Europe and Central Asia (WB),,2017,2.039737
Europe and Central Asia (WB),,2018,2.0783284
Europe and Central Asia (WB),,2019,2.1361878
Europe and Central Asia (WB),,2020,2.2056081
Europe and Central Asia (WB),,2021,2.3001437
European Union (27),,1996,1.6985878
European Union (27),,1997,1.7308174
European Union (27),,1998,1.6995817
European Union (27),,1999,1.7838659
European Union (27),,2000,1.7628844
European Union (27),,2001,1.8214788
European Union (27),,2002,1.7897875
European Union (27),,2003,1.8254427
European Union (27),,2004,1.7936212
European Union (27),,2005,1.7818575
European Union (27),,2006,1.8025243
European Union (27),,2007,1.796522
European Union (27),,2008,1.8738351
European Union (27),,2009,1.9682515
European Union (27),,2010,1.969226
European Union (27),,2011,2.0157447
European Union (27),,2012,2.0767696
European Union (27),,2013,2.0969641
European Union (27),,2014,2.1180677
European Union (27),,2015,2.1180837
European Union (27),,2016,2.1173995
European Union (27),,2017,2.1525612
European Union (27),,2018,2.185303
European Union (27),,2019,2.2239468
European Union (27),,2020,2.3005624
European Union (27),,2021,2.2758985
Faeroe Islands,,2003,0.85253
Finland,FIN,1996,2.45256
Finland,FIN,1997,2.62158
Finland,FIN,1998,2.78442
Finland,FIN,1999,3.05619
Finland,FIN,2000,3.24138
Finland,FIN,2001,3.19372
Finland,FIN,2002,3.25308
Finland,FIN,2003,3.29822
Finland,FIN,2004,3.30907
Finland,FIN,2005,3.3237
Finland,FIN,2006,3.33215
Finland,FIN,2007,3.33704
Finland,FIN,2008,3.53697
Finland,FIN,2009,3.73402
Finland,FIN,2010,3.70532
Finland,FIN,2011,3.61806
Finland,FIN,2012,3.39832
Finland,FIN,2013,3.27137
Finland,FIN,2014,3.14751
Finland,FIN,2015,2.87196
Finland,FIN,2016,2.72442
Finland,FIN,2017,2.72787
Finland,FIN,2018,2.75749
Finland,FIN,2019,2.79961
Finland,FIN,2020,2.91243
Finland,FIN,2021,2.98934
France,FRA,1996,2.2228
France,FRA,1997,2.14699
France,FRA,1998,2.09476
France,FRA,1999,2.10767
France,FRA,2000,2.09346
France,FRA,2001,2.13804
France,FRA,2002,2.17449
France,FRA,2003,2.11994
France,FRA,2004,2.09461
France,FRA,2005,2.05151
France,FRA,2006,2.05094
France,FRA,2007,2.02451
France,FRA,2008,2.06117
France,FRA,2009,2.21207
France,FRA,2010,2.17857
France,FRA,2011,2.19161
France,FRA,2012,2.22707
France,FRA,2013,2.23703
France,FRA,2014,2.27592
France,FRA,2015,2.22702
France,FRA,2016,2.22238
France,FRA,2017,2.19888
France,FRA,2018,2.19666
France,FRA,2019,2.19179
France,FRA,2020,2.28189
France,FRA,2021,2.21918
Gabon,GAB,2007,0.41633
Gabon,GAB,2008,0.5109
Gabon,GAB,2009,0.57924
Gambia,GMB,2008,0.01261
Gambia,GMB,2009,0.01086
Gambia,GMB,2011,0.0848
Gambia,GMB,2018,0.06933
Georgia,GEO,1996,0.33088
Georgia,GEO,1997,0.3424
Georgia,GEO,1998,0.35384
Georgia,GEO,1999,0.28769
Georgia,GEO,2000,0.2153
Georgia,GEO,2001,0.23848
Georgia,GEO,2002,0.18574
Georgia,GEO,2003,0.2176
Georgia,GEO,2004,0.2442
Georgia,GEO,2005,0.17658
Georgia,GEO,2013,0.07856
Georgia,GEO,2014,0.17318
Georgia,GEO,2015,0.29928
Georgia,GEO,2016,0.28586
Georgia,GEO,2017,0.27023
Georgia,GEO,2018,0.28052
Georgia,GEO,2019,0.28468
Georgia,GEO,2020,0.3008
Georgia,GEO,2021,0.25174
Germany,DEU,1996,2.14461
Germany,DEU,1997,2.18832
Germany,DEU,1998,2.21613
Germany,DEU,1999,2.34779
Germany,DEU,2000,2.40982
Germany,DEU,2001,2.40437
Germany,DEU,2002,2.43622
Germany,DEU,2003,2.47461
Germany,DEU,2004,2.43519
Germany,DEU,2005,2.44193
Germany,DEU,2006,2.47232
Germany,DEU,2007,2.46048
Germany,DEU,2008,2.61513
Germany,DEU,2009,2.74266
Germany,DEU,2010,2.73024
Germany,DEU,2011,2.80555
Germany,DEU,2012,2.88166
Germany,DEU,2013,2.83599
Germany,DEU,2014,2.87784
Germany,DEU,2015,2.93379
Germany,DEU,2016,2.94039
Germany,DEU,2017,3.0471
Germany,DEU,2018,3.11011
Germany,DEU,2019,3.16779
Germany,DEU,2020,3.12979
Germany,DEU,2021,3.14246
Ghana,GHA,2007,0.23157
Ghana,GHA,2010,0.37655
Greece,GRC,1997,0.4291
Greece,GRC,1999,0.56823
Greece,GRC,2001,0.55948
Greece,GRC,2003,0.54654
Greece,GRC,2004,0.5273
Greece,GRC,2005,0.57896
Greece,GRC,2006,0.56118
Greece,GRC,2007,0.57655
Greece,GRC,2008,0.66183
Greece,GRC,2009,0.62557
Greece,GRC,2010,0.60347
Greece,GRC,2011,0.68426
Greece,GRC,2012,0.71005
Greece,GRC,2013,0.81478
Greece,GRC,2014,0.83998
Greece,GRC,2015,0.96605
Greece,GRC,2016,1.00529
Greece,GRC,2017,1.15228
Greece,GRC,2018,1.21371
Greece,GRC,2019,1.27496
Greece,GRC,2020,1.50793
Greece,GRC,2021,1.45642
Greenland,GRL,2001,0.52741
Greenland,GRL,2002,0.55628
Greenland,GRL,2003,0.50804
Greenland,GRL,2004,0.64608
Guam,GUM,2003,0.2657
Guam,GUM,2004,0.25518
Guam,GUM,2005,0.2561
Guatemala,GTM,2005,0.03556
Guatemala,GTM,2006,0.0501
Guatemala,GTM,2007,0.06782
Guatemala,GTM,2008,0.0629
Guatemala,GTM,2009,0.0562
Guatemala,GTM,2010,0.04421
Guatemala,GTM,2011,0.04894
Guatemala,GTM,2012,0.04543
Guatemala,GTM,2013,0.03916
Guatemala,GTM,2014,0.02949
Guatemala,GTM,2015,0.03064
Guatemala,GTM,2016,0.02311
Guatemala,GTM,2017,0.02955
Guatemala,GTM,2018,0.02938
Guatemala,GTM,2019,0.02642
Guatemala,GTM,2020,0.04888
Guatemala,GTM,2021,0.05863
High-income countries,,1996,2.1476517
High-income countries,,1997,2.1755164
High-income countries,,1998,2.1761568
High-income countries,,1999,2.2450235
High-income countries,,2000,2.3063383
High-income countries,,2001,2.338736
High-income countries,,2002,2.2795541
High-income countries,,2003,2.2508671
High-income countries,,2004,2.2004287
High-income countries,,2005,2.2140708
High-income countries,,2006,2.2413318
High-income countries,,2007,2.2422311
High-income countries,,2008,2.3180249
High-income countries,,2009,2.3856697
High-income countries,,2010,2.3664103
High-income countries,,2011,2.372975
High-income countries,,2012,2.3976214
High-income countries,,2013,2.3941617
High-income countries,,2014,2.4880345
High-income countries,,2015,2.5033176
High-income countries,,2016,2.5607874
High-income countries,,2017,2.5981343
High-income countries,,2018,2.6799395
High-income countries,,2019,2.7592847
High-income countries,,2020,2.9486542
High-income countries,,2021,2.9381058
Honduras,HND,2000,0.04453
Honduras,HND,2001,0.03834
Honduras,HND,2002,0.04181
Honduras,HND,2003,0.04215
Honduras,HND,2004,0.04155
Honduras,HND,2015,0.01497
Honduras,HND,2017,0.03994
Honduras,HND,2018,0.06394
Honduras,HND,2019,0.05948
Hong Kong,HKG,1998,0.4283
Hong Kong,HKG,1999,0.45767
Hong Kong,HKG,2000,0.46493
Hong Kong,HKG,2001,0.53645
Hong Kong,HKG,2002,0.58147
Hong Kong,HKG,2003,0.68027
Hong Kong,HKG,2004,0.72176
Hong Kong,HKG,2005,0.77343
Hong Kong,HKG,2006,0.79468
Hong Kong,HKG,2007,0.75161
Hong Kong,HKG,2008,0.71996
Hong Kong,HKG,2009,0.77342
Hong Kong,HKG,2010,0.74946
Hong Kong,HKG,2011,0.72086
Hong Kong,HKG,2012,0.72733
Hong Kong,HKG,2013,0.73017
Hong Kong,HKG,2014,0.74014
Hong Kong,HKG,2015,0.76183
Hong Kong,HKG,2016,0.7915
Hong Kong,HKG,2017,0.83519
Hong Kong,HKG,2018,0.8633
Hong Kong,HKG,2019,0.92557
Hong Kong,HKG,2020,0.99236
Hong Kong,HKG,2021,0.97038
Hungary,HUN,1996,0.63027
Hungary,HUN,1997,0.69895
Hungary,HUN,1998,0.65711
Hungary,HUN,1999,0.67186
Hungary,HUN,2000,0.79096
Hungary,HUN,2001,0.9131
Hungary,HUN,2002,0.98355
Hungary,HUN,2003,0.91883
Hungary,HUN,2004,0.8599
Hungary,HUN,2005,0.91951
Hungary,HUN,2006,0.9774
Hungary,HUN,2007,0.95445
Hungary,HUN,2008,0.97757
Hungary,HUN,2009,1.12802
Hungary,HUN,2010,1.12865
Hungary,HUN,2011,1.17925
Hungary,HUN,2012,1.25423
Hungary,HUN,2013,1.3841
Hungary,HUN,2014,1.3446
Hungary,HUN,2015,1.33959
Hungary,HUN,2016,1.17987
Hungary,HUN,2017,1.31702
Hungary,HUN,2018,1.50775
Hungary,HUN,2019,1.47291
Hungary,HUN,2020,1.59315
Hungary,HUN,2021,1.6423
Iceland,ISL,1997,1.79808
Iceland,ISL,1998,1.95099
Iceland,ISL,1999,2.23506
Iceland,ISL,2000,2.57201
Iceland,ISL,2001,2.83989
Iceland,ISL,2002,2.8212
Iceland,ISL,2003,2.7055
Iceland,ISL,2005,2.67969
Iceland,ISL,2006,2.85266
Iceland,ISL,2007,2.53294
Iceland,ISL,2008,2.46414
Iceland,ISL,2009,2.59713
Iceland,ISL,2011,2.40367
Iceland,ISL,2013,1.69238
Iceland,ISL,2014,1.93616
Iceland,ISL,2015,2.18132
Iceland,ISL,2016,2.11011
Iceland,ISL,2017,2.08413
Iceland,ISL,2018,2.00081
Iceland,ISL,2019,2.34165
Iceland,ISL,2020,2.49069
Iceland,ISL,2021,2.80542
India,IND,1996,0.63905
India,IND,1997,0.68669
India,IND,1998,0.70379
India,IND,1999,0.72413
India,IND,2000,0.75699
India,IND,2001,0.73591
India,IND,2002,0.72567
India,IND,2003,0.71929
India,IND,2004,0.7569
India,IND,2005,0.82411
India,IND,2006,0.80473
India,IND,2007,0.80507
India,IND,2008,0.85876
India,IND,2009,0.83314
India,IND,2010,0.78849
India,IND,2011,0.75502
India,IND,2012,0.74399
India,IND,2013,0.70642
India,IND,2014,0.70159
India,IND,2015,0.6931
India,IND,2016,0.66984
India,IND,2017,0.66603
India,IND,2018,0.66001
India,IND,2019,0.65942
India,IND,2020,0.64636
Indonesia,IDN,2000,0.06769
Indonesia,IDN,2001,0.04756
Indonesia,IDN,2009,0.08332
Indonesia,IDN,2013,0.0847
Indonesia,IDN,2016,0.24535
Indonesia,IDN,2017,0.23805
Indonesia,IDN,2018,0.22632
Indonesia,IDN,2019,0.27129
Indonesia,IDN,2020,0.28068
Iran,IRN,2001,0.50218
Iran,IRN,2002,0.49558
Iran,IRN,2003,0.59484
Iran,IRN,2004,0.50453
Iran,IRN,2005,0.62284
Iran,IRN,2006,0.55921
Iran,IRN,2008,0.64647
Iran,IRN,2009,0.27258
Iran,IRN,2010,0.26442
Iran,IRN,2012,0.29435
Iran,IRN,2013,0.23601
Iran,IRN,2015,0.39383
Iran,IRN,2017,0.75983
Iran,IRN,2019,0.78829
Iraq,IRQ,2007,0.04554
Iraq,IRQ,2008,0.03435
Iraq,IRQ,2009,0.04562
Iraq,IRQ,2010,0.03684
Iraq,IRQ,2011,0.03476
Iraq,IRQ,2014,0.03835
Iraq,IRQ,2015,0.04017
Iraq,IRQ,2016,0.03737
Iraq,IRQ,2017,0.04596
Iraq,IRQ,2018,0.04279
Iraq,IRQ,2019,0.03266
Iraq,IRQ,2020,0.04053
Iraq,IRQ,2021,0.04109
Ireland,IRL,1996,1.27156
Ireland,IRL,1997,1.24271
Ireland,IRL,1998,1.20801
Ireland,IRL,1999,1.15141
Ireland,IRL,2000,1.08383
Ireland,IRL,2001,1.05194
Ireland,IRL,2002,1.05575
Ireland,IRL,2003,1.12435
Ireland,IRL,2004,1.17778
Ireland,IRL,2005,1.19197
Ireland,IRL,2006,1.19887
Ireland,IRL,2007,1.23408
Ireland,IRL,2008,1.39126
Ireland,IRL,2009,1.61371
Ireland,IRL,2010,1.59477
Ireland,IRL,2011,1.55262
Ireland,IRL,2012,1.55675
Ireland,IRL,2013,1.56758
Ireland,IRL,2014,1.52098
Ireland,IRL,2015,1.18212
Ireland,IRL,2016,1.17507
Ireland,IRL,2017,1.25187
Ireland,IRL,2018,1.1672
Ireland,IRL,2019,1.22527
Ireland,IRL,2020,1.23252
Ireland,IRL,2021,1.13093
Israel,ISR,1996,2.48851
Israel,ISR,1997,2.70895
Israel,ISR,1998,2.8187
Israel,ISR,1999,3.22512
Israel,ISR,2000,3.82652
Israel,ISR,2001,4.0644
Israel,ISR,2002,4.00064
Israel,ISR,2003,3.76454
Israel,ISR,2004,3.74903
Israel,ISR,2005,3.92282
Israel,ISR,2006,4.01998
Israel,ISR,2007,4.29998
Israel,ISR,2008,4.25512
Israel,ISR,2009,4.04516
Israel,ISR,2010,3.86329
Israel,ISR,2011,3.93521
Israel,ISR,2012,4.08052
Israel,ISR,2013,4.02599
Israel,ISR,2014,4.11061
Israel,ISR,2015,4.21463
Israel,ISR,2016,4.47174
Israel,ISR,2017,4.62415
Israel,ISR,2018,4.77613
Israel,ISR,2019,5.21564
Israel,ISR,2020,5.70555
Israel,ISR,2021,5.55675
Italy,ITA,1996,0.9459
Italy,ITA,1997,0.98769
Italy,ITA,1998,1.00487
Italy,ITA,1999,0.98065
Italy,ITA,2000,1.00364
Italy,ITA,2001,1.0407
Italy,ITA,2002,1.08124
Italy,ITA,2003,1.05894
Italy,ITA,2004,1.05025
Italy,ITA,2005,1.04435
Italy,ITA,2006,1.08401
Italy,ITA,2007,1.12899
Italy,ITA,2008,1.15972
Italy,ITA,2009,1.21787
Italy,ITA,2010,1.21797
Italy,ITA,2011,1.20155
Italy,ITA,2012,1.26219
Italy,ITA,2013,1.30107
Italy,ITA,2014,1.3384
Italy,ITA,2015,1.3385
Italy,ITA,2016,1.36642
Italy,ITA,2017,1.37013
Italy,ITA,2018,1.42443
Italy,ITA,2019,1.46159
Italy,ITA,2020,1.5068
Italy,ITA,2021,1.45392
Jamaica,JAM,2001,0.0491
Jamaica,JAM,2002,0.06096
Japan,JPN,1996,2.64303
Japan,JPN,1997,2.72177
Japan,JPN,1998,2.82745
Japan,JPN,1999,2.84672
Japan,JPN,2000,2.85841
Japan,JPN,2001,2.92348
Japan,JPN,2002,2.96514
Japan,JPN,2003,2.9932
Japan,JPN,2004,2.98125
Japan,JPN,2005,3.13092
Japan,JPN,2006,3.22766
Japan,JPN,2007,3.29257
Japan,JPN,2008,3.29224
Japan,JPN,2009,3.1959
Japan,JPN,2010,3.10495
Japan,JPN,2011,3.20537
Japan,JPN,2012,3.17371
Japan,JPN,2013,3.27896
Japan,JPN,2014,3.36788
Japan,JPN,2015,3.24071
Japan,JPN,2016,3.10666
Japan,JPN,2017,3.16636
Japan,JPN,2018,3.2192
Japan,JPN,2019,3.21824
Japan,JPN,2020,3.26897
Japan,JPN,2021,3.29581
Jordan,JOR,2002,0.33689
Jordan,JOR,2008,0.42154
Jordan,JOR,2016,0.69547
Kazakhstan,KAZ,1997,0.29337
Kazakhstan,KAZ,1998,0.22039
Kazakhstan,KAZ,1999,0.18383
Kazakhstan,KAZ,2000,0.18104
Kazakhstan,KAZ,2001,0.22009
Kazakhstan,KAZ,2002,0.25509
Kazakhstan,KAZ,2003,0.25246
Kazakhstan,KAZ,2004,0.24837
Kazakhstan,KAZ,2005,0.28361
Kazakhstan,KAZ,2006,0.24281
Kazakhstan,KAZ,2007,0.20884
Kazakhstan,KAZ,2008,0.21654
Kazakhstan,KAZ,2009,0.22924
Kazakhstan,KAZ,2010,0.15341
Kazakhstan,KAZ,2011,0.15349
Kazakhstan,KAZ,2012,0.16525
Kazakhstan,KAZ,2013,0.17132
Kazakhstan,KAZ,2014,0.16722
Kazakhstan,KAZ,2015,0.16951
Kazakhstan,KAZ,2016,0.14179
Kazakhstan,KAZ,2017,0.12667
Kazakhstan,KAZ,2018,0.11683
Kazakhstan,KAZ,2019,0.11841
Kazakhstan,KAZ,2020,0.12602
Kazakhstan,KAZ,2021,0.13023
Kenya,KEN,2007,0.35521
Kenya,KEN,2010,0.69222
Kuwait,KWT,1997,0.20538
Kuwait,KWT,1998,0.25796
Kuwait,KWT,1999,0.19763
Kuwait,KWT,2000,0.12542
Kuwait,KWT,2001,0.17884
Kuwait,KWT,2002,0.18001
Kuwait,KWT,2003,0.14347
Kuwait,KWT,2004,0.1301
Kuwait,KWT,2005,0.10083
Kuwait,KWT,2006,0.08479
Kuwait,KWT,2007,0.08585
Kuwait,KWT,2008,0.08551
Kuwait,KWT,2009,0.11213
Kuwait,KWT,2010,0.1014
Kuwait,KWT,2011,0.09896
Kuwait,KWT,2012,0.09721
Kuwait,KWT,2013,0.30153
Kuwait,KWT,2014,0.42705
Kuwait,KWT,2015,0.0966
Kuwait,KWT,2016,0.07985
Kuwait,KWT,2017,0.0804
Kuwait,KWT,2018,0.06349
Kuwait,KWT,2019,0.19146
Kuwait,KWT,2020,0.18661
Kyrgyzstan,KGZ,1997,0.1939
Kyrgyzstan,KGZ,1998,0.21064
Kyrgyzstan,KGZ,1999,0.17992
Kyrgyzstan,KGZ,2000,0.15637
Kyrgyzstan,KGZ,2001,0.17189
Kyrgyzstan,KGZ,2002,0.1981
Kyrgyzstan,KGZ,2003,0.22272
Kyrgyzstan,KGZ,2004,0.19926
Kyrgyzstan,KGZ,2005,0.19861
Kyrgyzstan,KGZ,2006,0.23014
Kyrgyzstan,KGZ,2007,0.23425
Kyrgyzstan,KGZ,2008,0.19017
Kyrgyzstan,KGZ,2009,0.15997
Kyrgyzstan,KGZ,2010,0.15547
Kyrgyzstan,KGZ,2011,0.15633
Kyrgyzstan,KGZ,2012,0.1661
Kyrgyzstan,KGZ,2013,0.14914
Kyrgyzstan,KGZ,2014,0.12536
Kyrgyzstan,KGZ,2015,0.11903
Kyrgyzstan,KGZ,2016,0.11121
Kyrgyzstan,KGZ,2017,0.10707
Kyrgyzstan,KGZ,2018,0.10107
Kyrgyzstan,KGZ,2019,0.09016
Kyrgyzstan,KGZ,2020,0.08881
Kyrgyzstan,KGZ,2021,0.07515
Laos,LAO,2002,0.0371
Latin America and Caribbean (WB),,2000,0.56304336
Latin America and Caribbean (WB),,2001,0.5375307
Latin America and Caribbean (WB),,2002,0.52301574
Latin America and Caribbean (WB),,2003,0.5589802
Latin America and Caribbean (WB),,2004,0.56338376
Latin America and Caribbean (WB),,2005,0.5890731
Latin America and Caribbean (WB),,2006,0.5876614
Latin America and Caribbean (WB),,2007,0.6244259
Latin America and Caribbean (WB),,2008,0.67137295
Latin America and Caribbean (WB),,2009,0.6969009
Latin America and Caribbean (WB),,2010,0.737344
Latin America and Caribbean (WB),,2011,0.711854
Latin America and Caribbean (WB),,2012,0.68370086
Latin America and Caribbean (WB),,2013,0.70968276
Latin America and Caribbean (WB),,2014,0.73912615
Latin America and Caribbean (WB),,2015,0.76477385
Latin America and Caribbean (WB),,2016,0.72593975
Latin America and Caribbean (WB),,2017,0.65471566
Latin America and Caribbean (WB),,2018,0.6474488
Latin America and Caribbean (WB),,2019,0.6544417
Latin America and Caribbean (WB),,2020,0.6163068
Latvia,LVA,1996,0.39689
Latvia,LVA,1997,0.36627
Latvia,LVA,1998,0.37922
Latvia,LVA,1999,0.35183
Latvia,LVA,2000,0.43483
Latvia,LVA,2001,0.40263
Latvia,LVA,2002,0.40843
Latvia,LVA,2003,0.3593
Latvia,LVA,2004,0.3984
Latvia,LVA,2005,0.52707
Latvia,LVA,2006,0.64691
Latvia,LVA,2007,0.55107
Latvia,LVA,2008,0.5772
Latvia,LVA,2009,0.44858
Latvia,LVA,2010,0.60571
Latvia,LVA,2011,0.71562
Latvia,LVA,2012,0.66307
Latvia,LVA,2013,0.61321
Latvia,LVA,2014,0.68908
Latvia,LVA,2015,0.6194
Latvia,LVA,2016,0.43514
Latvia,LVA,2017,0.51104
Latvia,LVA,2018,0.63869
Latvia,LVA,2019,0.63627
Latvia,LVA,2020,0.72991
Latvia,LVA,2021,0.74092
Lesotho,LSO,2002,0.04185
Lesotho,LSO,2003,0.04295
Lesotho,LSO,2004,0.05532
Lesotho,LSO,2009,0.0291
Lesotho,LSO,2011,0.01255
Lesotho,LSO,2015,0.05101
Lithuania,LTU,1996,0.4917
Lithuania,LTU,1997,0.53667
Lithuania,LTU,1998,0.54381
Lithuania,LTU,1999,0.50206
Lithuania,LTU,2000,0.58553
Lithuania,LTU,2001,0.66762
Lithuania,LTU,2002,0.65755
Lithuania,LTU,2003,0.66413
Lithuania,LTU,2004,0.7514
Lithuania,LTU,2005,0.74821
Lithuania,LTU,2006,0.79204
Lithuania,LTU,2007,0.80174
Lithuania,LTU,2008,0.78932
Lithuania,LTU,2009,0.83084
Lithuania,LTU,2010,0.7833
Lithuania,LTU,2011,0.90269
Lithuania,LTU,2012,0.89304
Lithuania,LTU,2013,0.94872
Lithuania,LTU,2014,1.03011
Lithuania,LTU,2015,1.04341
Lithuania,LTU,2016,0.84241
Lithuania,LTU,2017,0.89626
Lithuania,LTU,2018,0.93662
Lithuania,LTU,2019,0.99353
Lithuania,LTU,2020,1.13361
Lithuania,LTU,2021,1.11075
Lower-middle-income countries,,2002,0.5337259
Lower-middle-income countries,,2005,0.62761927
Lower-middle-income countries,,2007,0.6008802
Lower-middle-income countries,,2009,0.6116482
Lower-middle-income countries,,2013,0.5191986
Lower-middle-income countries,,2015,0.53384453
Lower-middle-income countries,,2017,0.5828241
Luxembourg,LUX,2000,1.58314
Luxembourg,LUX,2003,1.6235
Luxembourg,LUX,2004,1.58819
Luxembourg,LUX,2005,1.55873
Luxembourg,LUX,2006,1.64886
Luxembourg,LUX,2007,1.57165
Luxembourg,LUX,2008,1.54663
Luxembourg,LUX,2009,1.58839
Luxembourg,LUX,2010,1.42373
Luxembourg,LUX,2011,1.42453
Luxembourg,LUX,2012,1.20664
Luxembourg,LUX,2013,1.23381
Luxembourg,LUX,2014,1.217
Luxembourg,LUX,2015,1.25226
Luxembourg,LUX,2016,1.2669
Luxembourg,LUX,2017,1.23898
Luxembourg,LUX,2018,1.1718
Luxembourg,LUX,2019,1.18287
Luxembourg,LUX,2020,1.0915
Luxembourg,LUX,2021,1.04215
Macao,MAC,2001,0.06224
Macao,MAC,2002,0.06957
Macao,MAC,2003,0.06244
Macao,MAC,2004,0.05344
Macao,MAC,2005,0.0876
Macao,MAC,2006,0.0829
Macao,MAC,2007,0.05684
Macao,MAC,2008,0.10106
Macao,MAC,2009,0.05407
Macao,MAC,2010,0.05012
Macao,MAC,2011,0.04427
Macao,MAC,2012,0.04789
Macao,MAC,2013,0.05117
Macao,MAC,2014,0.08776
Macao,MAC,2015,0.13649
Macao,MAC,2016,0.23492
Macao,MAC,2017,0.1719
Macao,MAC,2018,0.20079
Macao,MAC,2019,0.24666
Macao,MAC,2020,0.4512
Macao,MAC,2021,0.38366
Madagascar,MDG,1997,0.18325
Madagascar,MDG,1998,0.0938
Madagascar,MDG,1999,0.08342
Madagascar,MDG,2000,0.10032
Madagascar,MDG,2001,0.18175
Madagascar,MDG,2002,0.20173
Madagascar,MDG,2003,0.2907
Madagascar,MDG,2004,0.1926
Madagascar,MDG,2005,0.15096
Madagascar,MDG,2006,0.14119
Madagascar,MDG,2007,0.12091
Madagascar,MDG,2008,0.11764
Madagascar,MDG,2009,0.13054
Madagascar,MDG,2010,0.09903
Madagascar,MDG,2011,0.09067
Madagascar,MDG,2014,0.01321
Madagascar,MDG,2016,0.01264
Madagascar,MDG,2017,0.01275
Malaysia,MYS,1996,0.21645
Malaysia,MYS,1998,0.39789
Malaysia,MYS,2000,0.46899
Malaysia,MYS,2002,0.65254
Malaysia,MYS,2004,0.5999
Malaysia,MYS,2006,0.61106
Malaysia,MYS,2008,0.78847
Malaysia,MYS,2009,1.01001
Malaysia,MYS,2010,1.03608
Malaysia,MYS,2011,1.03342
Malaysia,MYS,2012,1.09269
Malaysia,MYS,2014,1.26275
Malaysia,MYS,2015,1.27945
Malaysia,MYS,2016,1.41517
Malaysia,MYS,2018,1.04026
Malaysia,MYS,2020,0.95088
Mali,MLI,2007,0.21855
Mali,MLI,2010,0.5836
Mali,MLI,2015,0.31462
Mali,MLI,2017,0.29198
Mali,MLI,2019,0.15768
Mali,MLI,2021,0.17385
Malta,MLT,2002,0.23831
Malta,MLT,2003,0.23566
Malta,MLT,2004,0.48823
Malta,MLT,2005,0.52893
Malta,MLT,2006,0.57844
Malta,MLT,2007,0.54539
Malta,MLT,2008,0.52667
Malta,MLT,2009,0.5074
Malta,MLT,2010,0.58741
Malta,MLT,2011,0.66506
Malta,MLT,2012,0.80432
Malta,MLT,2013,0.74336
Malta,MLT,2014,0.69179
Malta,MLT,2015,0.71515
Malta,MLT,2016,0.55689
Malta,MLT,2017,0.55212
Malta,MLT,2018,0.57609
Malta,MLT,2019,0.56427
Malta,MLT,2020,0.65441
Malta,MLT,2021,0.66603
Mauritania,MRT,2018,0.01019
Mauritius,MUS,1997,0.27899
Mauritius,MUS,1998,0.26178
Mauritius,MUS,1999,0.31008
Mauritius,MUS,2000,0.28402
Mauritius,MUS,2001,0.36257
Mauritius,MUS,2002,0.36805
Mauritius,MUS,2003,0.32604
Mauritius,MUS,2004,0.36818
Mauritius,MUS,2005,0.36053
Mauritius,MUS,2012,0.17773
Mauritius,MUS,2017,0.35423
Mauritius,MUS,2018,0.33387
Mauritius,MUS,2019,0.35699
Mauritius,MUS,2020,0.40324
Mauritius,MUS,2021,0.36809
Mexico,MEX,1996,0.25067
Mexico,MEX,1997,0.2762
Mexico,MEX,1998,0.30196
Mexico,MEX,1999,0.3441
Mexico,MEX,2000,0.30613
Mexico,MEX,2001,0.32418
Mexico,MEX,2002,0.3543
Mexico,MEX,2003,0.39314
Mexico,MEX,2004,0.38816
Mexico,MEX,2005,0.39844
Mexico,MEX,2006,0.36922
Mexico,MEX,2007,0.39833
Mexico,MEX,2008,0.44387
Mexico,MEX,2009,0.47954
Mexico,MEX,2010,0.49485
Mexico,MEX,2011,0.47129
Mexico,MEX,2012,0.42096
Mexico,MEX,2013,0.42503
Mexico,MEX,2014,0.4353
Mexico,MEX,2015,0.42943
Mexico,MEX,2016,0.38778
Mexico,MEX,2017,0.32832
Mexico,MEX,2018,0.30711
Mexico,MEX,2019,0.28394
Mexico,MEX,2020,0.29638
Middle East and North Africa (WB),,2012,0.9077126
Middle East and North Africa (WB),,2020,1.6186168
Middle East and North Africa (WB),,2021,1.587599
Middle-income countries,,2000,0.6418179
Middle-income countries,,2001,0.67050034
Middle-income countries,,2002,0.7236102
Middle-income countries,,2003,0.7777984
Middle-income countries,,2004,0.8064364
Middle-income countries,,2005,0.8445085
Middle-income countries,,2006,0.88221496
Middle-income countries,,2007,0.89795095
Middle-income countries,,2008,0.96840215
Middle-income countries,,2009,1.0486621
Middle-income countries,,2010,1.1193789
Middle-income countries,,2011,1.1232461
Middle-income countries,,2012,1.2236937
Middle-income countries,,2013,1.1975098
Middle-income countries,,2014,1.3388621
Middle-income countries,,2015,1.3594995
Middle-income countries,,2016,1.3970202
Middle-income countries,,2017,1.3518809
Middle-income countries,,2018,1.4203056
Middle-income countries,,2019,1.4736065
Middle-income countries,,2020,1.6375947
Moldova,MDA,1996,0.87296
Moldova,MDA,1997,0.80679
Moldova,MDA,2003,0.32405
Moldova,MDA,2004,0.34903
Moldova,MDA,2005,0.39865
Moldova,MDA,2006,0.40622
Moldova,MDA,2007,0.54557
Moldova,MDA,2008,0.53463
Moldova,MDA,2009,0.52557
Moldova,MDA,2010,0.3665
Moldova,MDA,2011,0.33764
Moldova,MDA,2012,0.34907
Moldova,MDA,2013,0.29783
Moldova,MDA,2014,0.31463
Moldova,MDA,2015,0.30735
Moldova,MDA,2016,0.28004
Moldova,MDA,2017,0.25789
Moldova,MDA,2018,0.25626
Moldova,MDA,2019,0.24145
Moldova,MDA,2020,0.23511
Moldova,MDA,2021,0.23154
Monaco,MCO,2004,0.03719
Monaco,MCO,2005,0.03821
Mongolia,MNG,1997,0.16786
Mongolia,MNG,1998,0.16643
Mongolia,MNG,1999,0.15016
Mongolia,MNG,2000,0.18757
Mongolia,MNG,2001,0.26749
Mongolia,MNG,2002,0.25173
Mongolia,MNG,2003,0.2518
Mongolia,MNG,2004,0.26777
Mongolia,MNG,2005,0.23776
Mongolia,MNG,2006,0.19121
Mongolia,MNG,2007,0.23827
Mongolia,MNG,2008,0.33667
Mongolia,MNG,2009,0.30478
Mongolia,MNG,2010,0.24438
Mongolia,MNG,2011,0.23054
Mongolia,MNG,2012,0.23913
Mongolia,MNG,2013,0.23246
Mongolia,MNG,2014,0.2234
Mongolia,MNG,2015,0.1564
Mongolia,MNG,2016,0.18345
Mongolia,MNG,2017,0.1342
Mongolia,MNG,2018,0.10161
Mongolia,MNG,2019,0.0927
Mongolia,MNG,2020,0.13301
Montenegro,MNE,2003,0.79772
Montenegro,MNE,2004,1.01874
Montenegro,MNE,2005,0.92443
Montenegro,MNE,2006,1.22991
Montenegro,MNE,2007,1.14521
Montenegro,MNE,2011,0.31485
Montenegro,MNE,2013,0.37431
Montenegro,MNE,2014,0.3632
Montenegro,MNE,2015,0.374
Montenegro,MNE,2016,0.32454
Montenegro,MNE,2017,0.34898
Montenegro,MNE,2018,0.50374
Montenegro,MNE,2019,0.36328
Morocco,MAR,1998,0.24582
Morocco,MAR,2001,0.5463
Morocco,MAR,2002,0.47179
Morocco,MAR,2003,0.56588
Morocco,MAR,2006,0.54987
Morocco,MAR,2010,0.66036
Mozambique,MOZ,2002,0.37314
Mozambique,MOZ,2006,0.41213
Mozambique,MOZ,2008,0.14001
Mozambique,MOZ,2010,0.38635
Mozambique,MOZ,2015,0.31312
Myanmar,MMR,1997,0.0701
Myanmar,MMR,1998,0.0403
Myanmar,MMR,1999,0.05079
Myanmar,MMR,2000,0.1217
Myanmar,MMR,2001,0.0831
Myanmar,MMR,2002,0.19887
Myanmar,MMR,2017,0.03484
Myanmar,MMR,2018,0.06354
Myanmar,MMR,2019,0.08926
Myanmar,MMR,2020,0.14897
Myanmar,MMR,2021,0.14506
Namibia,NAM,2010,0.13963
Namibia,NAM,2014,0.34986
Nepal,NPL,2008,0.05439
Nepal,NPL,2009,0.25924
Nepal,NPL,2010,0.3022
Netherlands,NLD,1996,1.84093
Netherlands,NLD,1997,1.84477
Netherlands,NLD,1998,1.74206
Netherlands,NLD,1999,1.82282
Netherlands,NLD,2000,1.7898
Netherlands,NLD,2001,1.79609
Netherlands,NLD,2002,1.74543
Netherlands,NLD,2003,1.7839
Netherlands,NLD,2004,1.78901
Netherlands,NLD,2005,1.77388
Netherlands,NLD,2006,1.74067
Netherlands,NLD,2007,1.6703
Netherlands,NLD,2008,1.62269
Netherlands,NLD,2009,1.6657
Netherlands,NLD,2010,1.70404
Netherlands,NLD,2011,1.88131
Netherlands,NLD,2012,1.91627
Netherlands,NLD,2013,2.15606
Netherlands,NLD,2014,2.1733
Netherlands,NLD,2015,2.14606
Netherlands,NLD,2016,2.15081
Netherlands,NLD,2017,2.17857
Netherlands,NLD,2018,2.1388
Netherlands,NLD,2019,2.18435
Netherlands,NLD,2020,2.32182
Netherlands,NLD,2021,2.30886
New Zealand,NZL,1997,1.05649
New Zealand,NZL,1999,0.96387
New Zealand,NZL,2001,1.10029
New Zealand,NZL,2003,1.14891
New Zealand,NZL,2005,1.12043
New Zealand,NZL,2007,1.15764
New Zealand,NZL,2009,1.25214
New Zealand,NZL,2011,1.23225
New Zealand,NZL,2013,1.15339
New Zealand,NZL,2015,1.22817
New Zealand,NZL,2017,1.34912
New Zealand,NZL,2019,1.40641
New Zealand,NZL,2021,1.45475
Nicaragua,NIC,1997,0.0651
Nicaragua,NIC,2002,0.03493
Nicaragua,NIC,2011,0.08344
Nicaragua,NIC,2012,0.10449
Nicaragua,NIC,2013,0.10284
Nicaragua,NIC,2014,0.08935
Nicaragua,NIC,2015,0.10742
Nigeria,NGA,2007,0.13223
North America (WB),,1996,2.38903
North America (WB),,1997,2.4151475
North America (WB),,1998,2.4448392
North America (WB),,1999,2.491387
North America (WB),,2000,2.5682707
North America (WB),,2001,2.5969415
North America (WB),,2002,2.5099869
North America (WB),,2003,2.5079293
North America (WB),,2004,2.4489114
North America (WB),,2005,2.4581285
North America (WB),,2006,2.4929395
North America (WB),,2007,2.548589
North America (WB),,2008,2.6591609
North America (WB),,2009,2.7149353
North America (WB),,2010,2.6271884
North America (WB),,2011,2.6391249
North America (WB),,2012,2.5809574
North America (WB),,2013,2.6028361
North America (WB),,2014,2.6234202
North America (WB),,2015,2.7000113
North America (WB),,2016,2.7685385
North America (WB),,2017,2.8092904
North America (WB),,2018,2.910562
North America (WB),,2019,3.0629113
North America (WB),,2020,3.3521779
North America (WB),,2021,3.3175416
North Macedonia,MKD,1997,0.35911
North Macedonia,MKD,1998,0.40842
North Macedonia,MKD,1999,0.32809
North Macedonia,MKD,2000,0.41888
North Macedonia,MKD,2001,0.2931
North Macedonia,MKD,2002,0.24461
North Macedonia,MKD,2003,0.21064
North Macedonia,MKD,2004,0.23237
North Macedonia,MKD,2005,0.22825
North Macedonia,MKD,2006,0.19373
North Macedonia,MKD,2007,0.17093
North Macedonia,MKD,2008,0.22358
North Macedonia,MKD,2009,0.19679
North Macedonia,MKD,2010,0.21634
North Macedonia,MKD,2011,0.22276
North Macedonia,MKD,2012,0.32676
North Macedonia,MKD,2013,0.43894
North Macedonia,MKD,2014,0.51646
North Macedonia,MKD,2015,0.44412
North Macedonia,MKD,2016,0.43585
North Macedonia,MKD,2017,0.35439
North Macedonia,MKD,2018,0.36367
North Macedonia,MKD,2019,0.36783
North Macedonia,MKD,2020,0.37264
North Macedonia,MKD,2021,0.37719
Norway,NOR,1997,1.5935
Norway,NOR,1999,1.60437
Norway,NOR,2001,1.5602
Norway,NOR,2002,1.62645
Norway,NOR,2003,1.67572
Norway,NOR,2004,1.53975
Norway,NOR,2005,1.47715
Norway,NOR,2006,1.44972
Norway,NOR,2007,1.55794
Norway,NOR,2008,1.54556
Norway,NOR,2009,1.71678
Norway,NOR,2010,1.6412
Norway,NOR,2011,1.61714
Norway,NOR,2012,1.61053
Norway,NOR,2013,1.64216
Norway,NOR,2014,1.70369
Norway,NOR,2015,1.9235
Norway,NOR,2016,2.03287
Norway,NOR,2017,2.08167
Norway,NOR,2018,2.03482
Norway,NOR,2019,2.136
Norway,NOR,2020,2.24436
Norway,NOR,2021,1.93798
Oman,OMN,2011,0.11962
Oman,OMN,2012,0.18281
Oman,OMN,2013,0.14854
Oman,OMN,2014,0.18588
Oman,OMN,2015,0.21866
Oman,OMN,2016,0.22691
Oman,OMN,2017,0.19925
Oman,OMN,2018,0.19031
Oman,OMN,2019,0.27255
Oman,OMN,2020,0.31599
Oman,OMN,2021,0.28978
Pakistan,PAK,1997,0.15565
Pakistan,PAK,1998,0.10919
Pakistan,PAK,1999,0.1159
Pakistan,PAK,2000,0.11566
Pakistan,PAK,2001,0.15165
Pakistan,PAK,2002,0.19887
Pakistan,PAK,2005,0.39849
Pakistan,PAK,2007,0.6325
Pakistan,PAK,2009,0.44806
Pakistan,PAK,2011,0.32917
Pakistan,PAK,2013,0.29285
Pakistan,PAK,2015,0.24605
Pakistan,PAK,2017,0.21214
Pakistan,PAK,2019,0.17475
Pakistan,PAK,2021,0.16443
Palestine,PSE,2007,0.19723
Palestine,PSE,2008,0.14914
Palestine,PSE,2009,0.35646
Palestine,PSE,2010,0.36156
Palestine,PSE,2013,0.45434
Panama,PAN,1996,0.3101
Panama,PAN,1997,0.29911
Panama,PAN,1998,0.26922
Panama,PAN,1999,0.27205
Panama,PAN,2000,0.36264
Panama,PAN,2001,0.36074
Panama,PAN,2002,0.3422
Panama,PAN,2003,0.32109
Panama,PAN,2004,0.22646
Panama,PAN,2005,0.23183
Panama,PAN,2006,0.23537
Panama,PAN,2007,0.18172
Panama,PAN,2008,0.19065
Panama,PAN,2009,0.1321
Panama,PAN,2010,0.14453
Panama,PAN,2011,0.17304
Panama,PAN,2012,0.07534
Panama,PAN,2013,0.06206
Panama,PAN,2014,0.14052
Panama,PAN,2015,0.12033
Panama,PAN,2016,0.14494
Panama,PAN,2017,0.14718
Panama,PAN,2018,0.1172
Panama,PAN,2019,0.11904
Panama,PAN,2020,0.21033
Panama,PAN,2021,0.15601
Papua New Guinea,PNG,2016,0.03158
Paraguay,PRY,2001,0.06699
Paraguay,PRY,2002,0.07493
Paraguay,PRY,2003,0.06135
Paraguay,PRY,2004,0.06066
Paraguay,PRY,2005,0.06091
Paraguay,PRY,2008,0.04113
Paraguay,PRY,2011,0.04216
Paraguay,PRY,2012,0.06517
Paraguay,PRY,2013,0.07163
Paraguay,PRY,2014,0.07901
Paraguay,PRY,2015,0.09674
Paraguay,PRY,2016,0.11676
Paraguay,PRY,2017,0.14888
Paraguay,PRY,2018,0.14684
Paraguay,PRY,2019,0.13751
Paraguay,PRY,2020,0.15697
Peru,PER,1997,0.0836
Peru,PER,1998,0.10072
Peru,PER,1999,0.09849
Peru,PER,2000,0.11266
Peru,PER,2001,0.11096
Peru,PER,2002,0.10614
Peru,PER,2003,0.10813
Peru,PER,2004,0.15578
Peru,PER,2011,0.08282
Peru,PER,2012,0.0553
Peru,PER,2013,0.08174
Peru,PER,2014,0.10805
Peru,PER,2015,0.11702
Peru,PER,2016,0.12008
Peru,PER,2017,0.12085
Peru,PER,2018,0.12683
Peru,PER,2019,0.15696
Peru,PER,2020,0.17172
Philippines,PHL,2002,0.13263
Philippines,PHL,2003,0.12527
Philippines,PHL,2005,0.10692
Philippines,PHL,2007,0.10498
Philippines,PHL,2009,0.10901
Philippines,PHL,2011,0.11222
Philippines,PHL,2013,0.13207
Philippines,PHL,2015,0.15683
Philippines,PHL,2018,0.32222
Poland,POL,1996,0.63937
Poland,POL,1997,0.64315
Poland,POL,1998,0.65971
Poland,POL,1999,0.68055
Poland,POL,2000,0.64078
Poland,POL,2001,0.62159
Poland,POL,2002,0.55675
Poland,POL,2003,0.53806
Poland,POL,2004,0.5525
Poland,POL,2005,0.56278
Poland,POL,2006,0.55102
Poland,POL,2007,0.56193
Poland,POL,2008,0.59944
Poland,POL,2009,0.66106
Poland,POL,2010,0.72619
Poland,POL,2011,0.75221
Poland,POL,2012,0.88997
Poland,POL,2013,0.88483
Poland,POL,2014,0.95076
Poland,POL,2015,1.00423
Poland,POL,2016,0.96821
Poland,POL,2017,1.03785
Poland,POL,2018,1.2061
Poland,POL,2019,1.32335
Poland,POL,2020,1.38608
Poland,POL,2021,1.43585
Portugal,PRT,1996,0.5495
Portugal,PRT,1997,0.56374
Portugal,PRT,1998,0.62486
Portugal,PRT,1999,0.68121
Portugal,PRT,2000,0.72156
Portugal,PRT,2001,0.76482
Portugal,PRT,2002,0.72183
Portugal,PRT,2003,0.69802
Portugal,PRT,2004,0.7293
Portugal,PRT,2005,0.75755
Portugal,PRT,2006,0.95448
Portugal,PRT,2007,1.12417
Portugal,PRT,2008,1.44335
Portugal,PRT,2009,1.58001
Portugal,PRT,2010,1.53529
Portugal,PRT,2011,1.45741
Portugal,PRT,2012,1.37861
Portugal,PRT,2013,1.32468
Portugal,PRT,2014,1.28992
Portugal,PRT,2015,1.2433
Portugal,PRT,2016,1.28075
Portugal,PRT,2017,1.31928
Portugal,PRT,2018,1.34955
Portugal,PRT,2019,1.39562
Portugal,PRT,2020,1.61392
Portugal,PRT,2021,1.68072
Puerto Rico,PRI,2009,0.45131
Puerto Rico,PRI,2013,0.43859
Puerto Rico,PRI,2015,0.42883
Qatar,QAT,2012,0.4786
Qatar,QAT,2015,0.51883
Qatar,QAT,2018,0.53129
Qatar,QAT,2021,0.68078
Romania,ROU,1996,0.67472
Romania,ROU,1997,0.57451
Romania,ROU,1998,0.49541
Romania,ROU,1999,0.39832
Romania,ROU,2000,0.36626
Romania,ROU,2001,0.39129
Romania,ROU,2002,0.37721
Romania,ROU,2003,0.39708
Romania,ROU,2004,0.38942
Romania,ROU,2005,0.41262
Romania,ROU,2006,0.45682
Romania,ROU,2007,0.51148
Romania,ROU,2008,0.55215
Romania,ROU,2009,0.44395
Romania,ROU,2010,0.44666
Romania,ROU,2011,0.47459
Romania,ROU,2012,0.4624
Romania,ROU,2013,0.39024
Romania,ROU,2014,0.38208
Romania,ROU,2015,0.48796
Romania,ROU,2016,0.48864
Romania,ROU,2017,0.50693
Romania,ROU,2018,0.49729
Romania,ROU,2019,0.47616
Romania,ROU,2020,0.46538
Romania,ROU,2021,0.47302
Russia,RUS,1996,0.96592
Russia,RUS,1997,1.04374
Russia,RUS,1998,0.95383
Russia,RUS,1999,0.99623
Russia,RUS,2000,1.04983
Russia,RUS,2001,1.17694
Russia,RUS,2002,1.24652
Russia,RUS,2003,1.28603
Russia,RUS,2004,1.15133
Russia,RUS,2005,1.06797
Russia,RUS,2006,1.07294
Russia,RUS,2007,1.11611
Russia,RUS,2008,1.04435
Russia,RUS,2009,1.25192
Russia,RUS,2010,1.1302
Russia,RUS,2011,1.01545
Russia,RUS,2012,1.02766
Russia,RUS,2013,1.02732
Russia,RUS,2014,1.07241
Russia,RUS,2015,1.10085
Russia,RUS,2016,1.10238
Russia,RUS,2017,1.10967
Russia,RUS,2018,0.99002
Russia,RUS,2019,1.03531
Russia,RUS,2020,1.09099
Rwanda,RWA,2016,0.64944
Rwanda,RWA,2019,0.75873
Saint Lucia,LCA,1998,0.57395
Saint Lucia,LCA,1999,0.27374
Saint Vincent and the Grenadines,VCT,2001,0.04008
Saint Vincent and the Grenadines,VCT,2002,0.1139
Saudi Arabia,SAU,2003,0.06233
Saudi Arabia,SAU,2004,0.05315
Saudi Arabia,SAU,2005,0.0423
Saudi Arabia,SAU,2006,0.04245
Saudi Arabia,SAU,2007,0.04521
Saudi Arabia,SAU,2008,0.04902
Saudi Arabia,SAU,2009,0.07338
Saudi Arabia,SAU,2010,0.884
Saudi Arabia,SAU,2011,0.89068
Saudi Arabia,SAU,2012,0.8699
Saudi Arabia,SAU,2013,0.80736
Saudi Arabia,SAU,2020,0.49802
Saudi Arabia,SAU,2021,0.4455
Senegal,SEN,2008,0.29374
Senegal,SEN,2010,0.4343
Senegal,SEN,2015,0.5772
Serbia,SRB,1997,0.70915
Serbia,SRB,1998,0.75301
Serbia,SRB,1999,0.94682
Serbia,SRB,2000,0.85424
Serbia,SRB,2001,0.30401
Serbia,SRB,2002,0.63968
Serbia,SRB,2003,0.49138
Serbia,SRB,2004,0.28953
Serbia,SRB,2005,0.3953
Serbia,SRB,2006,0.43985
Serbia,SRB,2007,0.57877
Serbia,SRB,2008,0.66966
Serbia,SRB,2009,0.8173
Serbia,SRB,2010,0.70228
Serbia,SRB,2011,0.68334
Serbia,SRB,2012,0.85316
Serbia,SRB,2013,0.68367
Serbia,SRB,2014,0.72309
Serbia,SRB,2015,0.8109
Serbia,SRB,2016,0.83822
Serbia,SRB,2017,0.87238
Serbia,SRB,2018,0.91891
Serbia,SRB,2019,0.88667
Serbia,SRB,2020,0.90558
Serbia,SRB,2021,0.99409
Seychelles,SYC,2001,0.39968
Seychelles,SYC,2002,0.3826
Seychelles,SYC,2003,0.38707
Seychelles,SYC,2004,0.32574
Seychelles,SYC,2005,0.28393
Seychelles,SYC,2016,0.21685
Singapore,SGP,1996,1.31991
Singapore,SGP,1997,1.41564
Singapore,SGP,1998,1.73707
Singapore,SGP,1999,1.81624
Singapore,SGP,2000,1.81699
Singapore,SGP,2001,2.0093
Singapore,SGP,2002,2.03282
Singapore,SGP,2003,1.99679
Singapore,SGP,2004,2.07859
Singapore,SGP,2005,2.14806
Singapore,SGP,2006,2.11656
Singapore,SGP,2007,2.31986
Singapore,SGP,2008,2.59674
Singapore,SGP,2009,2.1279
Singapore,SGP,2010,1.92918
Singapore,SGP,2011,2.06955
Singapore,SGP,2012,1.91833
Singapore,SGP,2013,1.92104
Singapore,SGP,2014,2.08228
Singapore,SGP,2015,2.17445
Singapore,SGP,2016,2.07291
Singapore,SGP,2017,1.89905
Singapore,SGP,2018,1.80958
Singapore,SGP,2019,1.88506
Singapore,SGP,2020,2.16305
Slovakia,SVK,1996,0.88963
Slovakia,SVK,1997,1.05108
Slovakia,SVK,1998,0.76541
Slovakia,SVK,1999,0.64475
Slovakia,SVK,2000,0.63806
Slovakia,SVK,2001,0.62465
Slovakia,SVK,2002,0.56314
Slovakia,SVK,2003,0.56146
Slovakia,SVK,2004,0.50069
Slovakia,SVK,2005,0.49332
Slovakia,SVK,2006,0.47488
Slovakia,SVK,2007,0.44746
Slovakia,SVK,2008,0.46137
Slovakia,SVK,2009,0.47272
Slovakia,SVK,2010,0.6055
Slovakia,SVK,2011,0.65255
Slovakia,SVK,2012,0.79461
Slovakia,SVK,2013,0.82005
Slovakia,SVK,2014,0.877
Slovakia,SVK,2015,1.15727
Slovakia,SVK,2016,0.78857
Slovakia,SVK,2017,0.88456
Slovakia,SVK,2018,0.83555
Slovakia,SVK,2019,0.82241
Slovakia,SVK,2020,0.89781
Slovakia,SVK,2021,0.91539
Slovenia,SVN,1996,1.26473
Slovenia,SVN,1997,1.24643
Slovenia,SVN,1998,1.30515
Slovenia,SVN,1999,1.33688
Slovenia,SVN,2000,1.35982
Slovenia,SVN,2001,1.46767
Slovenia,SVN,2002,1.44325
Slovenia,SVN,2003,1.24791
Slovenia,SVN,2004,1.37026
Slovenia,SVN,2005,1.41778
Slovenia,SVN,2006,1.53705
Slovenia,SVN,2007,1.42703
Slovenia,SVN,2008,1.62673
Slovenia,SVN,2009,1.81184
Slovenia,SVN,2010,2.05133
Slovenia,SVN,2011,2.41297
Slovenia,SVN,2012,2.56061
Slovenia,SVN,2013,2.56487
Slovenia,SVN,2014,2.36548
Slovenia,SVN,2015,2.19565
Slovenia,SVN,2016,2.00764
Slovenia,SVN,2017,1.8653
Slovenia,SVN,2018,1.94594
Slovenia,SVN,2019,2.04128
Slovenia,SVN,2020,2.14266
Slovenia,SVN,2021,2.13088
South Africa,ZAF,1997,0.52694
South Africa,ZAF,2001,0.64224
South Africa,ZAF,2003,0.6765
South Africa,ZAF,2004,0.72681
South Africa,ZAF,2005,0.77024
South Africa,ZAF,2006,0.80291
South Africa,ZAF,2007,0.79364
South Africa,ZAF,2008,0.80567
South Africa,ZAF,2009,0.74993
South Africa,ZAF,2010,0.66284
South Africa,ZAF,2011,0.66753
South Africa,ZAF,2012,0.66934
South Africa,ZAF,2013,0.6633
South Africa,ZAF,2014,0.70987
South Africa,ZAF,2015,0.73147
South Africa,ZAF,2016,0.74992
South Africa,ZAF,2017,0.76257
South Africa,ZAF,2018,0.68773
South Africa,ZAF,2019,0.6143
South Africa,ZAF,2020,0.6036
South Asia (WB),,1996,0.62348866
South Asia (WB),,1997,0.6173725
South Asia (WB),,1998,0.62731427
South Asia (WB),,1999,0.6507245
South Asia (WB),,2000,0.63064086
South Asia (WB),,2001,0.6384854
South Asia (WB),,2002,0.6414976
South Asia (WB),,2003,0.71929
South Asia (WB),,2004,0.74062616
South Asia (WB),,2005,0.7601039
South Asia (WB),,2006,0.78631955
South Asia (WB),,2007,0.7823862
South Asia (WB),,2008,0.82649934
South Asia (WB),,2009,0.78157496
South Asia (WB),,2010,0.76206416
South Asia (WB),,2011,0.70720476
South Asia (WB),,2012,0.74399
South Asia (WB),,2013,0.6362335
South Asia (WB),,2014,0.6780356
South Asia (WB),,2015,0.6190257
South Asia (WB),,2016,0.64954346
South Asia (WB),,2017,0.59936476
South Asia (WB),,2018,0.6417518
South Asia (WB),,2019,0.6101457
South Asia (WB),,2020,0.63010967
South Korea,KOR,1996,2.21616
South Korea,KOR,1997,2.2483
South Korea,KOR,1998,2.11026
South Korea,KOR,1999,2.01567
South Korea,KOR,2000,2.12519
South Korea,KOR,2001,2.27865
South Korea,KOR,2002,2.20774
South Korea,KOR,2003,2.27722
South Korea,KOR,2004,2.44214
South Korea,KOR,2005,2.5229
South Korea,KOR,2006,2.71934
South Korea,KOR,2007,2.87258
South Korea,KOR,2008,2.98887
South Korea,KOR,2009,3.14669
South Korea,KOR,2010,3.31578
South Korea,KOR,2011,3.59199
South Korea,KOR,2012,3.8504
South Korea,KOR,2013,3.95124
South Korea,KOR,2014,4.07786
South Korea,KOR,2015,3.9782
South Korea,KOR,2016,3.98704
South Korea,KOR,2017,4.29206
South Korea,KOR,2018,4.51633
South Korea,KOR,2019,4.62703
South Korea,KOR,2020,4.79571
South Korea,KOR,2021,4.93012
Spain,ESP,1996,0.78753
Spain,ESP,1997,0.77781
Spain,ESP,1998,0.84804
Spain,ESP,1999,0.83854
Spain,ESP,2000,0.88276
Spain,ESP,2001,0.88833
Spain,ESP,2002,0.95971
Spain,ESP,2003,1.02373
Spain,ESP,2004,1.04089
Spain,ESP,2005,1.09956
Spain,ESP,2006,1.17702
Spain,ESP,2007,1.24053
Spain,ESP,2008,1.325
Spain,ESP,2009,1.36364
Spain,ESP,2010,1.35996
Spain,ESP,2011,1.33341
Spain,ESP,2012,1.29876
Spain,ESP,2013,1.27482
Spain,ESP,2014,1.24159
Spain,ESP,2015,1.22179
Spain,ESP,2016,1.18986
Spain,ESP,2017,1.20977
Spain,ESP,2018,1.24151
Spain,ESP,2019,1.25025
Spain,ESP,2020,1.41039
Spain,ESP,2021,1.42929
Sri Lanka,LKA,1996,0.18356
Sri Lanka,LKA,2000,0.14392
Sri Lanka,LKA,2004,0.1821
Sri Lanka,LKA,2006,0.1742
Sri Lanka,LKA,2008,0.11444
Sri Lanka,LKA,2010,0.13241
Sri Lanka,LKA,2013,0.0973
Sri Lanka,LKA,2014,0.09605
Sri Lanka,LKA,2015,0.10291
Sri Lanka,LKA,2016,0.12034
Sri Lanka,LKA,2017,0.11818
Sri Lanka,LKA,2018,0.11949
Sri Lanka,LKA,2020,0.11597
Sub-Saharan Africa (WB),,2007,0.44412568
Sudan,SDN,1999,0.53007
Sudan,SDN,2000,0.47277
Sudan,SDN,2001,0.37483
Sudan,SDN,2002,0.32247
Sudan,SDN,2003,0.2808
Sudan,SDN,2004,0.23825
Sudan,SDN,2005,0.225
Sweden,SWE,1997,3.27394
Sweden,SWE,1999,3.38132
Sweden,SWE,2001,3.8738
Sweden,SWE,2003,3.57948
Sweden,SWE,2004,3.36129
Sweden,SWE,2005,3.35958
Sweden,SWE,2006,3.475
Sweden,SWE,2007,3.23383
Sweden,SWE,2008,3.46999
Sweden,SWE,2009,3.39528
Sweden,SWE,2010,3.16789
Sweden,SWE,2011,3.18702
Sweden,SWE,2012,3.23025
Sweden,SWE,2013,3.26042
Sweden,SWE,2014,3.10184
Sweden,SWE,2015,3.21903
Sweden,SWE,2016,3.24736
Sweden,SWE,2017,3.36279
Sweden,SWE,2018,3.32106
Sweden,SWE,2019,3.38758
Sweden,SWE,2020,3.4896
Sweden,SWE,2021,3.41743
Switzerland,CHE,1996,2.37649
Switzerland,CHE,2000,2.26386
Switzerland,CHE,2004,2.60818
Switzerland,CHE,2008,2.65296
Switzerland,CHE,2012,2.87457
Switzerland,CHE,2015,3.07832
Switzerland,CHE,2017,3.07698
Switzerland,CHE,2019,3.1968
Switzerland,CHE,2021,3.35918
Syria,SYR,2015,0.01942
Tajikistan,TJK,2001,0.08953
Tajikistan,TJK,2002,0.07068
Tajikistan,TJK,2003,0.06885
Tajikistan,TJK,2004,0.06697
Tajikistan,TJK,2005,0.0957
Tajikistan,TJK,2006,0.10732
Tajikistan,TJK,2007,0.06778
Tajikistan,TJK,2008,0.06983
Tajikistan,TJK,2009,0.08577
Tajikistan,TJK,2010,0.08914
Tajikistan,TJK,2011,0.12148
Tajikistan,TJK,2012,0.11432
Tajikistan,TJK,2013,0.11851
Tajikistan,TJK,2014,0.11624
Tajikistan,TJK,2015,0.1034
Tajikistan,TJK,2016,0.10622
Tajikistan,TJK,2017,0.10957
Tajikistan,TJK,2018,0.09401
Tajikistan,TJK,2019,0.09367
Tajikistan,TJK,2020,0.08969
Tanzania,TZA,2007,0.33462
Tanzania,TZA,2010,0.37307
Tanzania,TZA,2013,0.51456
Thailand,THA,1996,0.11918
Thailand,THA,1997,0.10214
Thailand,THA,1999,0.24836
Thailand,THA,2000,0.24471
Thailand,THA,2001,0.25231
Thailand,THA,2002,0.23055
Thailand,THA,2003,0.24534
Thailand,THA,2004,0.23828
Thailand,THA,2005,0.21889
Thailand,THA,2006,0.23271
Thailand,THA,2007,0.2008
Thailand,THA,2008,0.20331
Thailand,THA,2009,0.23455
Thailand,THA,2011,0.36146
Thailand,THA,2013,0.44164
Thailand,THA,2014,0.47988
Thailand,THA,2015,0.61609
Thailand,THA,2016,0.77829
Thailand,THA,2017,1.00166
Thailand,THA,2018,1.11374
Thailand,THA,2019,1.14317
Thailand,THA,2020,1.32819
Togo,TGO,2010,0.17275
Togo,TGO,2012,0.16428
Togo,TGO,2014,0.19614
Trinidad and Tobago,TTO,1996,0.10325
Trinidad and Tobago,TTO,1997,0.11553
Trinidad and Tobago,TTO,1998,0.12715
Trinidad and Tobago,TTO,1999,0.12292
Trinidad and Tobago,TTO,2000,0.108
Trinidad and Tobago,TTO,2001,0.10417
Trinidad and Tobago,TTO,2002,0.13178
Trinidad and Tobago,TTO,2003,0.11501
Trinidad and Tobago,TTO,2004,0.11441
Trinidad and Tobago,TTO,2005,0.11431
Trinidad and Tobago,TTO,2006,0.07233
Trinidad and Tobago,TTO,2007,0.05922
Trinidad and Tobago,TTO,2008,0.03072
Trinidad and Tobago,TTO,2009,0.05665
Trinidad and Tobago,TTO,2010,0.04771
Trinidad and Tobago,TTO,2011,0.04024
Trinidad and Tobago,TTO,2012,0.04159
Trinidad and Tobago,TTO,2013,0.05411
Trinidad and Tobago,TTO,2014,0.07653
Trinidad and Tobago,TTO,2015,0.08048
Trinidad and Tobago,TTO,2016,0.08709
Trinidad and Tobago,TTO,2017,0.08606
Trinidad and Tobago,TTO,2018,0.08222
Trinidad and Tobago,TTO,2019,0.05941
Trinidad and Tobago,TTO,2020,0.06434
Tunisia,TUN,2002,0.54302
Tunisia,TUN,2003,0.65044
Tunisia,TUN,2004,0.73095
Tunisia,TUN,2005,0.71195
Tunisia,TUN,2006,0.67729
Tunisia,TUN,2007,0.6654
Tunisia,TUN,2008,0.63933
Tunisia,TUN,2009,0.70644
Tunisia,TUN,2010,0.65806
Tunisia,TUN,2011,0.67458
Tunisia,TUN,2012,0.64937
Tunisia,TUN,2013,0.637
Tunisia,TUN,2014,0.61988
Tunisia,TUN,2015,0.59413
Tunisia,TUN,2016,0.56539
Tunisia,TUN,2017,0.69954
Tunisia,TUN,2018,0.71645
Tunisia,TUN,2019,0.74658
Turkey,TUR,1996,0.45159
Turkey,TUR,1997,0.49169
Turkey,TUR,1998,0.36198
Turkey,TUR,1999,0.45557
Turkey,TUR,2000,0.46558
Turkey,TUR,2001,0.52247
Turkey,TUR,2002,0.50904
Turkey,TUR,2003,0.46532
Turkey,TUR,2004,0.49713
Turkey,TUR,2005,0.56381
Turkey,TUR,2006,0.55292
Turkey,TUR,2007,0.68616
Turkey,TUR,2008,0.68741
Turkey,TUR,2009,0.80362
Turkey,TUR,2010,0.79369
Turkey,TUR,2011,0.79393
Turkey,TUR,2012,0.82595
Turkey,TUR,2013,0.81206
Turkey,TUR,2014,0.8564
Turkey,TUR,2015,0.87689
Turkey,TUR,2016,1.11979
Turkey,TUR,2017,1.17632
Turkey,TUR,2018,1.27174
Turkey,TUR,2019,1.32146
Turkey,TUR,2020,1.36757
Turkey,TUR,2021,1.40352
Uganda,UGA,2002,0.36756
Uganda,UGA,2003,0.25612
Uganda,UGA,2004,0.26056
Uganda,UGA,2005,0.21514
Uganda,UGA,2006,0.30033
Uganda,UGA,2007,0.38821
Uganda,UGA,2008,0.32632
Uganda,UGA,2009,0.25547
Uganda,UGA,2010,0.3599
Uganda,UGA,2014,0.14265
Ukraine,UKR,1997,1.1923
Ukraine,UKR,1998,1.06993
Ukraine,UKR,1999,0.96968
Ukraine,UKR,2000,0.92904
Ukraine,UKR,2001,0.98944
Ukraine,UKR,2002,0.96269
Ukraine,UKR,2003,1.07166
Ukraine,UKR,2004,1.04392
Ukraine,UKR,2005,0.99518
Ukraine,UKR,2006,0.91403
Ukraine,UKR,2007,0.81869
Ukraine,UKR,2008,0.80991
Ukraine,UKR,2009,0.82596
Ukraine,UKR,2010,0.80279
Ukraine,UKR,2011,0.7109
Ukraine,UKR,2012,0.72363
Ukraine,UKR,2013,0.733
Ukraine,UKR,2014,0.65034
Ukraine,UKR,2015,0.61477
Ukraine,UKR,2016,0.48339
Ukraine,UKR,2017,0.44879
Ukraine,UKR,2018,0.47113
Ukraine,UKR,2019,0.43384
Ukraine,UKR,2020,0.40318
Ukraine,UKR,2021,0.29475
United Arab Emirates,ARE,2011,0.48622
United Arab Emirates,ARE,2014,0.67523
United Arab Emirates,ARE,2015,0.8657
United Arab Emirates,ARE,2016,0.9318
United Arab Emirates,ARE,2018,1.26389
United Arab Emirates,ARE,2019,1.31065
United Arab Emirates,ARE,2020,1.48831
United Arab Emirates,ARE,2021,1.49525
United Kingdom,GBR,1996,1.57321
United Kingdom,GBR,1997,1.53641
United Kingdom,GBR,1998,1.54649
United Kingdom,GBR,1999,1.62128
United Kingdom,GBR,2000,1.60906
United Kingdom,GBR,2001,1.59658
United Kingdom,GBR,2002,1.61373
United Kingdom,GBR,2003,1.57962
United Kingdom,GBR,2004,1.52998
United Kingdom,GBR,2005,1.54905
United Kingdom,GBR,2006,1.5754
United Kingdom,GBR,2007,1.61709
United Kingdom,GBR,2008,1.60786
United Kingdom,GBR,2009,1.6666
United Kingdom,GBR,2010,1.63497
United Kingdom,GBR,2011,1.64521
United Kingdom,GBR,2012,1.57631
United Kingdom,GBR,2013,1.62011
United Kingdom,GBR,2014,2.2645
United Kingdom,GBR,2015,2.27027
United Kingdom,GBR,2016,2.31145
United Kingdom,GBR,2017,2.3232
United Kingdom,GBR,2018,2.70482
United Kingdom,GBR,2019,2.66552
United Kingdom,GBR,2020,2.93144
United Kingdom,GBR,2021,2.91476
United States,USA,1996,2.45013
United States,USA,1997,2.47714
United States,USA,1998,2.49621
United States,USA,1999,2.54362
United States,USA,2000,2.61984
United States,USA,2001,2.63715
United States,USA,2002,2.54745
United States,USA,2003,2.55015
United States,USA,2004,2.48686
United States,USA,2005,2.50193
United States,USA,2006,2.54545
United States,USA,2007,2.61516
United States,USA,2008,2.74481
United States,USA,2009,2.79182
United States,USA,2010,2.71445
United States,USA,2011,2.73803
United States,USA,2012,2.67284
United States,USA,2013,2.70215
United States,USA,2014,2.71786
United States,USA,2015,2.787
United States,USA,2016,2.8535
United States,USA,2017,2.90432
United States,USA,2018,3.0101
United States,USA,2019,3.17049
United States,USA,2020,3.46777
United States,USA,2021,3.45705
United States Virgin Islands,VIR,2002,0.06617
United States Virgin Islands,VIR,2003,0.03776
United States Virgin Islands,VIR,2004,0.03424
United States Virgin Islands,VIR,2005,0.02936
United States Virgin Islands,VIR,2006,0.03122
United States Virgin Islands,VIR,2007,0.02717
Upper-middle-income countries,,1999,0.5713179
Upper-middle-income countries,,2000,0.6562921
Upper-middle-income countries,,2001,0.6882223
Upper-middle-income countries,,2002,0.77508986
Upper-middle-income countries,,2003,0.816924
Upper-middle-income countries,,2004,0.84448105
Upper-middle-income countries,,2005,0.89955187
Upper-middle-income countries,,2006,0.91924137
Upper-middle-income countries,,2007,0.96710926
Upper-middle-income countries,,2008,1.0129502
Upper-middle-income countries,,2009,1.1402901
Upper-middle-income countries,,2010,1.2238809
Upper-middle-income countries,,2011,1.2144775
Upper-middle-income countries,,2012,1.3293647
Upper-middle-income countries,,2013,1.3260384
Upper-middle-income countries,,2014,1.4302279
Upper-middle-income countries,,2015,1.5346771
Upper-middle-income countries,,2016,1.5193881
Upper-middle-income countries,,2017,1.5131854
Upper-middle-income countries,,2018,1.5518595
Upper-middle-income countries,,2019,1.638307
Upper-middle-income countries,,2020,1.7861545
Upper-middle-income countries,,2021,2.2445886
Uruguay,URY,1996,0.26501
Uruguay,URY,1997,0.34994
Uruguay,URY,1998,0.19186
Uruguay,URY,1999,0.22417
Uruguay,URY,2000,0.20925
Uruguay,URY,2002,0.23818
Uruguay,URY,2005,0.46031
Uruguay,URY,2006,0.36385
Uruguay,URY,2007,0.42159
Uruguay,URY,2008,0.37441
Uruguay,URY,2009,0.40239
Uruguay,URY,2010,0.32882
Uruguay,URY,2011,0.32962
Uruguay,URY,2012,0.30808
Uruguay,URY,2013,0.29118
Uruguay,URY,2014,0.31707
Uruguay,URY,2015,0.35109
Uruguay,URY,2016,0.37391
Uruguay,URY,2017,0.44052
Uruguay,URY,2018,0.50594
Uruguay,URY,2019,0.42667
Uruguay,URY,2020,0.44662
Uzbekistan,UZB,2000,0.36063
Uzbekistan,UZB,2001,0.34544
Uzbekistan,UZB,2002,0.29356
Uzbekistan,UZB,2003,0.26825
Uzbekistan,UZB,2004,0.27041
Uzbekistan,UZB,2005,0.23741
Uzbekistan,UZB,2006,0.22395
Uzbekistan,UZB,2007,0.21721
Uzbekistan,UZB,2008,0.19354
Uzbekistan,UZB,2009,0.20315
Uzbekistan,UZB,2010,0.1543
Uzbekistan,UZB,2011,0.14877
Uzbekistan,UZB,2012,0.15512
Uzbekistan,UZB,2013,0.155
Uzbekistan,UZB,2014,0.15335
Uzbekistan,UZB,2015,0.16497
Uzbekistan,UZB,2016,0.17238
Uzbekistan,UZB,2017,0.14834
Uzbekistan,UZB,2018,0.12394
Uzbekistan,UZB,2019,0.11306
Uzbekistan,UZB,2020,0.1385
Uzbekistan,UZB,2021,0.1316
Venezuela,VEN,2005,0.18907
Venezuela,VEN,2006,0.31742
Venezuela,VEN,2007,0.2011
Venezuela,VEN,2008,0.23803
Venezuela,VEN,2009,0.24014
Venezuela,VEN,2010,0.18823
Venezuela,VEN,2011,0.15296
Venezuela,VEN,2012,0.2501
Venezuela,VEN,2013,0.31853
Venezuela,VEN,2014,0.33713
Vietnam,VNM,2002,0.19273
Vietnam,VNM,2011,0.14955
Vietnam,VNM,2013,0.29932
Vietnam,VNM,2015,0.35629
Vietnam,VNM,2017,0.41895
Vietnam,VNM,2019,0.41652
Vietnam,VNM,2021,0.42533
World,OWID_WRL,1996,1.9683447
World,OWID_WRL,1997,1.9663849
World,OWID_WRL,1998,1.9722983
World,OWID_WRL,1999,2.0477505
World,OWID_WRL,2000,2.0465503
World,OWID_WRL,2001,2.0642135
World,OWID_WRL,2002,2.0289361
World,OWID_WRL,2003,2.0187092
World,OWID_WRL,2004,1.9706423
World,OWID_WRL,2005,1.951669
World,OWID_WRL,2006,1.9639798
World,OWID_WRL,2007,1.9303299
World,OWID_WRL,2008,1.9833552
World,OWID_WRL,2009,2.0210154
World,OWID_WRL,2010,2.0066545
World,OWID_WRL,2011,1.9903415
World,OWID_WRL,2012,2.0212953
World,OWID_WRL,2013,1.9831314
World,OWID_WRL,2014,2.0921147
World,OWID_WRL,2015,2.1203957
World,OWID_WRL,2016,2.167001
World,OWID_WRL,2017,2.1596327
World,OWID_WRL,2018,2.2352388
World,OWID_WRL,2019,2.3115592
World,OWID_WRL,2020,2.491688
World,OWID_WRL,2021,2.7119355
Zambia,ZMB,1996,0.01104
Zambia,ZMB,1997,0.00737
Zambia,ZMB,2002,0.00544
Zambia,ZMB,2003,0.00847
Zambia,ZMB,2004,0.02223
Zambia,ZMB,2005,0.02493
Zambia,ZMB,2008,0.27819